Player,PTS,AST,ORB,DRB,STL,BLK,TOV,FGA,3PA,FTA,eFG%,FG%,3P%,FT%,G,MP,TS%,USG%,AST%,ORB%,DRB%,STL%,BLK%,TOV%,3PAr,FTr,OBPM,DBPM,0-3 % of FGA,10-16 % of FGA,3P % of FGA,0-3 FG%,10-16 FG%,% of 2P Ast’d,% of 3P Ast’d,Dunks %FGA,3PA% Corner
Mikal Bridges,23.6,5.0,1.2,3.1,1.2,0.7,2.2,19.3,7.6,1.9,0.57,0.5,0.354,0.814,82,3036,0.585,19.6,14.4,2.7,7.0,1.2,1.3,9.7,0.391,0.1,0.4,-0.9,0.185,0.192,0.391,0.785,0.507,0.682,0.957,0.025,0.449
Josh Hart,18.0,7.8,2.8,9.9,2.0,0.5,2.7,13.2,4.3,3.5,0.579,0.525,0.333,0.776,77,2897,0.611,15.3,20.7,6.4,22.6,2.0,0.9,15.5,0.327,0.266,1.1,1.8,0.408,0.066,0.327,0.732,0.412,0.613,0.869,0.03,0.258
Anthony Edwards,37.4,6.2,1.0,6.7,1.6,0.9,4.3,27.7,13.9,8.5,0.547,0.447,0.395,0.837,79,2871,0.595,31.4,20.9,2.4,14.8,1.6,1.7,12.0,0.503,0.308,4.4,0.0,0.176,0.084,0.503,0.678,0.341,0.384,0.475,0.039,0.107
Devin Booker,34.0,9.4,1.3,4.1,1.2,0.3,3.9,25.1,9.7,8.5,0.525,0.461,0.332,0.894,75,2795,0.589,29.3,30.6,3.1,8.9,1.2,0.5,11.9,0.388,0.34,2.8,-2.4,0.109,0.206,0.388,0.69,0.531,0.431,0.716,0.013,0.123
James Harden,31.8,12.1,1.0,7.1,2.1,1.0,6.0,22.9,11.8,10.2,0.501,0.41,0.352,0.874,79,2789,0.582,29.6,36.8,2.3,16.1,2.1,2.0,18.0,0.516,0.446,3.5,0.8,0.106,0.122,0.516,0.657,0.405,0.176,0.37,0.003,0.042
DeMar DeRozan,30.2,6.0,0.9,4.4,1.1,0.6,1.9,23.1,4.5,7.8,0.509,0.477,0.328,0.857,77,2768,0.569,25.0,18.7,2.0,10.1,1.1,1.1,6.5,0.196,0.337,1.2,-1.2,0.065,0.299,0.196,0.706,0.509,0.363,0.881,0.006,0.309
Trae Young,31.4,15.0,0.6,3.4,1.6,0.2,6.1,23.5,11.0,9.6,0.491,0.411,0.34,0.875,76,2739,0.567,29.6,46.4,1.4,8.2,1.6,0.4,17.9,0.467,0.408,3.3,-2.7,0.124,0.134,0.467,0.544,0.467,0.287,0.294,0.001,0.078
Tyler Herro,33.7,7.8,0.6,6.7,1.3,0.3,3.6,25.2,12.3,6.0,0.563,0.472,0.375,0.878,77,2725,0.605,28.0,26.2,1.4,14.6,1.3,0.6,11.5,0.486,0.237,3.8,-0.7,0.137,0.126,0.486,0.698,0.529,0.378,0.753,0.008,0.118
OG Anunoby,24.4,3.0,1.8,4.8,2.0,1.2,1.9,18.8,8.4,4.1,0.559,0.476,0.372,0.81,74,2706,0.591,19.7,8.5,4.2,11.0,2.0,2.2,8.3,0.448,0.22,0.7,0.1,0.338,0.055,0.448,0.706,0.321,0.717,0.93,0.14,0.45
Jalen Green,31.1,5.1,0.8,6.0,1.3,0.5,3.7,25.9,11.9,6.1,0.505,0.423,0.354,0.813,82,2697,0.544,27.3,16.0,1.7,13.4,1.3,0.9,11.4,0.46,0.234,1.1,-0.5,0.191,0.058,0.46,0.664,0.298,0.262,0.538,0.046,0.107
Christian Braun,21.9,3.7,1.8,5.6,1.5,0.7,1.5,14.8,4.0,3.8,0.634,0.58,0.397,0.827,79,2675,0.665,15.8,10.1,4.2,12.2,1.5,1.2,8.1,0.273,0.261,0.8,-0.5,0.418,0.027,0.273,0.758,0.409,0.762,0.888,0.124,0.317
Bam Adebayo,26.3,6.3,3.5,10.5,1.8,1.0,3.0,20.8,4.1,6.1,0.521,0.485,0.357,0.765,78,2674,0.561,23.5,20.0,7.7,23.1,1.8,1.9,11.4,0.199,0.295,1.0,1.0,0.213,0.247,0.199,0.705,0.436,0.605,0.886,0.123,0.29
Ivica Zubac,25.1,4.0,5.6,13.3,1.0,1.7,2.4,17.7,0.0,4.4,0.628,0.628,0.0,0.661,80,2624,0.641,19.5,12.8,13.1,30.2,1.0,3.4,10.8,0.0,0.251,2.3,0.8,0.426,0.072,0.0,0.706,0.485,0.703,0.0,0.203,0.0
Jayson Tatum,36.9,8.2,0.9,11.0,1.5,0.7,4.0,28.0,13.9,8.4,0.537,0.452,0.343,0.814,72,2624,0.582,31.2,27.0,2.0,23.7,1.5,1.3,11.2,0.497,0.3,4.4,0.8,0.182,0.089,0.497,0.782,0.359,0.35,0.46,0.059,0.059
Jaden McDaniels,18.9,3.1,2.4,6.4,2.1,1.4,1.8,15.7,5.7,2.4,0.537,0.477,0.33,0.813,82,2614,0.562,16.3,9.0,5.6,14.2,2.1,2.6,9.6,0.363,0.153,-1.4,1.4,0.253,0.121,0.363,0.73,0.535,0.611,0.95,0.074,0.512
Keegan Murray,17.7,2.0,2.7,6.8,1.1,1.3,1.1,15.4,8.4,1.3,0.538,0.444,0.343,0.833,76,2610,0.553,15.0,5.6,6.3,15.5,1.1,2.6,6.6,0.548,0.088,-0.8,-0.8,0.144,0.078,0.548,0.831,0.359,0.652,0.987,0.087,0.29
Shai Gilgeous-Alexander,45.9,9.0,1.2,5.8,2.4,1.4,3.4,30.6,8.0,12.4,0.569,0.519,0.375,0.898,76,2598,0.637,34.8,31.3,2.8,12.6,2.4,3.0,8.6,0.263,0.404,8.9,2.6,0.206,0.222,0.263,0.742,0.548,0.212,0.35,0.028,0.034
Michael Porter Jr.,25.9,3.1,2.6,7.5,0.9,0.7,1.9,19.4,9.1,3.6,0.596,0.504,0.395,0.768,77,2593,0.617,20.2,8.7,6.1,16.2,0.9,1.3,8.4,0.467,0.185,1.6,-1.7,0.228,0.053,0.467,0.762,0.536,0.74,0.922,0.096,0.125
Derrick White,24.3,7.0,1.3,5.3,1.4,1.6,2.6,18.7,13.5,3.1,0.58,0.442,0.384,0.839,76,2574,0.606,19.8,20.2,2.8,11.5,1.4,2.9,11.3,0.721,0.168,2.7,0.8,0.084,0.05,0.721,0.716,0.563,0.465,0.808,0.009,0.171
Dyson Daniels,19.5,6.1,2.3,5.9,4.2,1.0,2.8,16.8,4.3,2.5,0.536,0.493,0.34,0.593,76,2571,0.545,18.2,17.9,5.1,14.2,4.2,2.0,13.6,0.255,0.152,-1.1,2.6,0.284,0.078,0.255,0.676,0.389,0.517,0.938,0.054,0.217
Nikola Jokić,38.7,13.4,3.7,12.9,2.4,0.8,4.3,25.5,6.2,8.4,0.627,0.576,0.417,0.8,70,2571,0.663,29.5,44.1,9.0,28.2,2.4,1.6,12.8,0.243,0.331,9.9,3.3,0.235,0.078,0.243,0.725,0.491,0.653,0.862,0.019,0.045
Austin Reaves,28.5,8.1,1.2,5.2,1.6,0.4,3.4,20.0,10.2,7.1,0.556,0.46,0.377,0.877,73,2550,0.616,23.7,24.9,2.8,11.5,1.6,0.8,12.9,0.512,0.353,2.4,-0.5,0.142,0.107,0.512,0.748,0.45,0.44,0.72,0.007,0.122
Toumani Camara,16.8,3.3,3.3,5.3,2.2,1.0,2.1,13.7,6.9,2.4,0.552,0.458,0.375,0.722,78,2548,0.572,14.4,9.6,7.2,12.1,2.2,1.8,12.4,0.503,0.176,-0.9,0.8,0.289,0.008,0.503,0.652,0.167,0.658,0.956,0.084,0.419
Pascal Siakam,29.8,5.0,2.5,7.7,1.3,0.8,2.1,22.3,6.1,5.8,0.572,0.519,0.389,0.734,78,2548,0.599,24.2,15.7,5.9,17.6,1.3,1.5,7.6,0.274,0.261,2.2,-0.5,0.218,0.179,0.274,0.771,0.441,0.589,0.976,0.041,0.29
Brook Lopez,19.8,2.7,2.1,5.5,0.9,2.8,1.6,14.7,7.1,2.6,0.599,0.509,0.373,0.826,80,2546,0.624,15.8,7.8,5.0,11.8,0.9,5.4,9.1,0.482,0.178,0.4,0.4,0.229,0.109,0.482,0.78,0.464,0.745,0.986,0.071,0.097
Karl-Anthony Towns,34.7,4.4,4.2,14.0,1.4,1.0,3.8,24.0,6.7,8.1,0.584,0.526,0.42,0.829,72,2517,0.63,27.4,13.8,9.8,32.0,1.4,1.9,12.1,0.278,0.337,3.5,0.1,0.353,0.058,0.278,0.695,0.4,0.586,0.972,0.071,0.062
Bub Carrington,15.6,7.0,0.6,6.0,1.0,0.4,2.7,14.5,7.9,1.6,0.493,0.401,0.339,0.812,82,2458,0.514,15.8,21.2,1.4,13.1,1.0,0.8,15.2,0.544,0.114,-3.3,-1.3,0.102,0.102,0.544,0.553,0.553,0.481,0.667,0.027,0.135
Cade Cunningham,35.9,12.5,1.1,7.2,1.4,1.0,6.1,28.6,8.2,7.3,0.521,0.469,0.356,0.846,70,2452,0.565,33.2,43.0,2.5,16.5,1.4,2.1,16.0,0.287,0.254,3.8,0.1,0.167,0.129,0.287,0.605,0.479,0.228,0.57,0.033,0.048
Tyrese Haliburton,26.6,13.2,0.8,4.2,2.1,1.0,2.4,19.7,11.0,4.4,0.582,0.473,0.388,0.851,73,2451,0.616,21.6,38.9,1.9,9.7,2.1,1.8,9.8,0.559,0.221,5.7,0.2,0.101,0.107,0.559,0.725,0.546,0.391,0.528,0.024,0.073
Coby White,28.8,6.3,0.5,4.7,1.3,0.3,3.4,21.4,11.1,5.8,0.55,0.453,0.37,0.902,74,2450,0.601,24.4,19.5,1.1,10.4,1.3,0.6,12.4,0.521,0.274,0.5,-1.4,0.224,0.06,0.521,0.669,0.507,0.336,0.759,0.01,0.135
LeBron James,34.4,11.6,1.4,9.5,1.4,0.8,5.2,25.6,8.0,6.7,0.571,0.513,0.376,0.782,70,2444,0.604,30.1,40.3,3.4,21.2,1.4,1.5,15.5,0.312,0.261,4.9,0.7,0.242,0.113,0.312,0.782,0.503,0.382,0.691,0.056,0.088
Domantas Sabonis,26.9,8.5,5.4,14.2,1.0,0.5,4.1,18.0,3.1,5.8,0.627,0.59,0.417,0.754,70,2429,0.655,21.6,26.0,12.3,32.6,1.0,1.0,16.5,0.175,0.324,4.2,1.1,0.43,0.044,0.175,0.708,0.462,0.63,0.985,0.097,0.051
Jamal Murray,28.6,8.0,0.9,4.3,1.8,0.7,2.7,22.3,7.9,4.9,0.543,0.474,0.393,0.886,67,2418,0.584,24.0,23.2,2.2,9.3,1.8,1.2,10.1,0.354,0.219,1.8,-1.0,0.155,0.153,0.354,0.667,0.468,0.355,0.615,0.012,0.093
Alperen Şengün,29.5,7.6,5.3,10.7,1.7,1.2,3.9,23.2,1.8,8.7,0.505,0.496,0.233,0.692,76,2395,0.545,26.2,24.1,11.4,23.8,1.7,2.3,12.7,0.079,0.374,2.6,1.8,0.319,0.164,0.079,0.679,0.396,0.473,0.952,0.067,0.067
Dillon Brooks,21.5,2.6,1.5,4.1,1.2,0.3,1.5,18.2,9.6,2.5,0.533,0.429,0.397,0.818,75,2388,0.555,17.7,7.4,3.3,9.1,1.2,0.6,7.4,0.524,0.135,-1.4,0.0,0.127,0.135,0.524,0.544,0.372,0.444,0.962,0.019,0.23
Rudy Gobert,17.9,2.6,5.5,10.7,1.2,2.1,1.8,10.5,0.0,5.6,0.669,0.669,0.0,0.674,72,2388,0.687,13.0,7.5,12.5,23.8,1.2,4.1,12.4,0.0,0.535,0.6,1.3,0.757,0.022,0.0,0.79,0.0,0.707,0.0,0.494,0.0
Tobias Harris,20.9,3.4,1.4,7.7,1.5,1.2,1.8,16.8,5.5,3.5,0.534,0.477,0.345,0.861,73,2305,0.571,17.6,9.8,3.1,17.5,1.5,2.4,8.8,0.328,0.206,-0.5,0.6,0.168,0.168,0.328,0.77,0.489,0.539,0.934,0.075,0.447
Darius Garland,32.3,10.6,1.0,3.5,1.9,0.2,4.0,24.5,11.1,5.3,0.562,0.472,0.401,0.878,75,2301,0.6,27.2,32.2,2.3,7.6,1.9,0.4,12.8,0.451,0.217,3.9,-0.8,0.148,0.147,0.451,0.649,0.549,0.33,0.571,0.002,0.151
Jalen Brunson,36.4,10.2,0.6,3.5,1.3,0.2,3.5,25.9,8.6,9.7,0.551,0.488,0.383,0.821,65,2301,0.605,29.5,32.3,1.4,7.9,1.3,0.3,10.5,0.331,0.373,4.7,-1.3,0.149,0.181,0.331,0.676,0.525,0.236,0.461,0.0,0.144
Jarrett Allen,23.1,3.3,4.5,12.2,1.6,1.5,2.0,13.4,0.1,5.8,0.706,0.706,0.0,0.718,82,2296,0.724,15.9,9.5,10.5,26.7,1.6,2.9,11.3,0.008,0.433,3.0,1.2,0.594,0.05,0.008,0.813,0.469,0.825,0.0,0.272,0.4
Chris Paul,15.2,12.8,0.7,5.5,2.2,0.5,2.7,12.3,7.8,1.9,0.547,0.427,0.377,0.924,82,2292,0.58,14.0,34.8,1.5,12.3,2.2,0.9,17.1,0.636,0.158,0.3,0.5,0.026,0.189,0.636,0.8,0.518,0.22,0.493,0.0,0.127
Anfernee Simons,28.6,7.1,0.5,3.5,1.3,0.1,3.0,23.9,12.6,4.1,0.521,0.426,0.363,0.902,70,2292,0.557,24.6,23.3,1.2,8.0,1.3,0.2,10.6,0.527,0.172,1.5,-1.5,0.124,0.108,0.527,0.636,0.369,0.186,0.609,0.014,0.093
Giannis Antetokounmpo,43.0,9.1,3.1,13.8,1.2,1.6,4.4,27.9,1.3,14.9,0.607,0.601,0.222,0.617,67,2289,0.625,35.2,36.0,7.3,29.7,1.2,3.2,11.2,0.048,0.536,6.9,2.5,0.511,0.096,0.048,0.773,0.48,0.429,0.5,0.205,0.048
Malik Beasley,28.1,2.9,1.0,3.5,1.5,0.1,1.7,22.6,16.1,2.9,0.579,0.43,0.416,0.679,82,2283,0.59,22.5,8.9,2.3,8.0,1.5,0.2,6.8,0.715,0.131,2.0,-1.2,0.057,0.055,0.715,0.656,0.356,0.634,0.937,0.022,0.209
Kentavious Caldwell-Pope,14.7,3.0,0.7,3.0,2.2,0.7,1.4,11.9,7.2,2.1,0.543,0.439,0.342,0.863,77,2279,0.574,12.4,8.7,1.6,7.2,2.2,1.4,9.6,0.607,0.175,-3.0,1.6,0.123,0.064,0.607,0.761,0.543,0.698,0.929,0.029,0.348
Nikola Vučević,27.6,5.2,3.6,11.4,1.2,1.1,2.4,21.3,6.6,3.1,0.592,0.53,0.402,0.805,73,2278,0.611,22.4,17.1,8.3,25.2,1.2,2.0,9.7,0.309,0.144,2.5,0.1,0.214,0.118,0.309,0.689,0.508,0.758,0.992,0.012,0.084
Payton Pritchard,25.3,6.2,2.3,4.5,1.5,0.3,1.8,19.1,13.8,1.9,0.62,0.472,0.407,0.845,80,2271,0.633,19.0,18.1,4.9,9.8,1.5,0.6,8.4,0.723,0.097,3.4,0.2,0.112,0.044,0.723,0.794,0.447,0.247,0.804,0.0,0.157
Kevin Durant,36.0,5.7,0.5,7.7,1.1,1.7,4.1,24.5,8.1,7.9,0.598,0.527,0.43,0.839,62,2265,0.642,28.7,19.6,1.2,16.9,1.1,3.2,12.9,0.331,0.321,3.9,-0.7,0.091,0.312,0.331,0.824,0.524,0.433,0.888,0.041,0.223
Shaedon Sharpe,28.8,4.3,1.5,5.5,1.3,0.3,3.2,23.8,10.2,5.2,0.519,0.452,0.311,0.785,72,2252,0.551,25.1,14.2,3.2,12.7,1.3,0.6,11.0,0.428,0.219,0.0,-1.3,0.226,0.106,0.428,0.755,0.47,0.409,0.707,0.07,0.165
Stephen Curry,37.1,9.1,0.9,5.8,1.7,0.6,4.3,27.2,16.9,6.5,0.572,0.448,0.397,0.933,70,2252,0.618,29.8,31.3,1.9,13.3,1.7,1.3,12.6,0.623,0.238,6.4,0.0,0.083,0.07,0.623,0.673,0.455,0.478,0.704,0.001,0.101
Jalen Williams,32.0,7.6,1.3,6.7,2.4,1.0,3.2,25.1,7.3,6.4,0.537,0.484,0.365,0.789,69,2237,0.573,27.5,23.4,2.9,14.6,2.4,2.1,10.3,0.291,0.256,2.7,1.4,0.201,0.187,0.291,0.723,0.523,0.395,0.782,0.069,0.094
Donovan Mitchell,36.7,7.6,1.2,5.7,2.0,0.4,3.2,28.4,13.6,7.8,0.531,0.443,0.368,0.823,71,2232,0.575,30.9,23.9,2.8,12.5,2.0,0.7,9.2,0.48,0.274,3.8,-0.2,0.156,0.084,0.48,0.607,0.441,0.222,0.541,0.014,0.096
Harrison Barnes,21.9,2.9,2.1,4.6,0.8,0.3,1.1,14.8,7.8,4.3,0.622,0.508,0.433,0.809,82,2230,0.656,15.7,8.6,4.7,10.3,0.8,0.6,6.1,0.527,0.291,1.7,-1.7,0.25,0.038,0.527,0.69,0.538,0.586,0.981,0.042,0.547
Julius Randle,28.5,7.2,3.2,7.6,1.0,0.4,4.3,20.8,7.0,7.4,0.542,0.485,0.344,0.806,69,2226,0.593,25.0,22.5,7.3,16.8,1.0,0.7,15.3,0.334,0.357,1.5,-0.2,0.252,0.121,0.334,0.751,0.465,0.447,0.843,0.052,0.21
Amen Thompson,21.2,5.8,4.2,8.1,2.1,1.9,3.0,15.2,2.0,5.4,0.575,0.557,0.275,0.684,69,2225,0.602,17.5,16.9,9.0,18.2,2.1,3.6,14.6,0.131,0.354,1.4,2.6,0.42,0.096,0.131,0.758,0.493,0.523,0.96,0.212,0.582
Jaren Jackson Jr.,34.6,3.1,1.9,6.9,1.9,2.4,3.2,25.5,8.2,8.4,0.548,0.488,0.375,0.781,74,2207,0.591,28.1,10.1,4.4,15.5,1.9,4.7,9.9,0.321,0.328,1.6,0.8,0.119,0.134,0.321,0.667,0.509,0.451,0.952,0.029,0.206
Desmond Bane,28.0,7.8,1.3,7.5,1.7,0.6,3.6,21.5,8.8,4.2,0.565,0.484,0.392,0.894,69,2205,0.6,23.3,23.6,3.0,16.9,1.7,1.2,13.3,0.411,0.194,2.6,0.6,0.188,0.093,0.411,0.712,0.4,0.426,0.634,0.005,0.187
Naz Reid,25.5,4.1,2.1,8.7,1.3,1.6,2.4,20.7,10.4,3.2,0.556,0.462,0.379,0.776,80,2200,0.577,21.5,12.6,4.7,19.3,1.3,3.0,9.9,0.501,0.155,0.8,0.8,0.2,0.044,0.501,0.681,0.366,0.641,0.92,0.034,0.227
Tyus Jones,18.9,9.8,0.9,3.5,1.6,0.2,2.1,15.5,9.1,1.3,0.57,0.448,0.414,0.895,81,2174,0.585,16.2,27.7,2.1,7.8,1.6,0.3,11.4,0.587,0.083,1.4,-1.3,0.06,0.16,0.587,0.78,0.422,0.393,0.873,0.0,0.344
Myles Turner,24.8,2.5,2.0,8.4,1.2,3.2,2.7,17.9,8.7,5.3,0.577,0.481,0.396,0.773,72,2174,0.612,20.7,7.1,4.7,19.4,1.2,6.0,11.8,0.486,0.293,0.0,0.4,0.175,0.073,0.486,0.746,0.559,0.846,0.981,0.09,0.14
Evan Mobley,29.2,5.0,3.6,11.0,1.4,2.5,3.2,20.1,5.1,6.8,0.604,0.557,0.37,0.725,71,2167,0.633,23.2,15.1,8.4,24.0,1.4,4.7,12.2,0.254,0.337,3.1,1.5,0.421,0.038,0.254,0.787,0.353,0.64,0.894,0.22,0.2
Taurean Prince,14.6,3.5,0.8,5.6,1.7,0.3,1.8,11.5,7.5,1.1,0.6,0.457,0.439,0.813,80,2166,0.613,12.5,9.4,1.8,12.2,1.7,0.6,13.3,0.652,0.093,-2.0,0.3,0.16,0.058,0.652,0.646,0.333,0.773,0.986,0.018,0.507
Stephon Castle,26.6,7.4,2.0,4.6,1.7,0.5,4.0,22.1,7.4,7.7,0.476,0.428,0.285,0.724,81,2162,0.522,26.0,22.8,4.4,10.3,1.7,0.9,13.4,0.337,0.348,-1.5,-1.7,0.311,0.084,0.337,0.655,0.373,0.46,0.789,0.078,0.147
Deni Avdija,27.4,6.3,2.5,9.3,1.6,0.8,4.4,19.0,7.7,8.4,0.55,0.476,0.365,0.78,72,2161,0.605,23.2,19.9,5.4,21.2,1.6,1.5,16.3,0.405,0.441,1.5,0.6,0.322,0.026,0.405,0.665,0.364,0.448,0.848,0.027,0.181
Jaylen Brown,32.5,6.6,1.9,6.6,1.7,0.4,3.8,26.0,8.3,7.5,0.515,0.463,0.324,0.764,63,2158,0.555,28.9,21.4,4.1,14.4,1.7,0.8,11.4,0.32,0.288,0.4,-0.4,0.197,0.145,0.32,0.75,0.407,0.386,0.724,0.045,0.184
Tim Hardaway Jr.,18.9,2.7,0.4,3.7,0.8,0.2,1.1,15.2,10.2,3.2,0.529,0.406,0.368,0.855,77,2153,0.567,15.5,7.6,0.9,8.4,0.8,0.3,6.1,0.672,0.213,-1.1,-0.9,0.082,0.072,0.672,0.679,0.469,0.815,0.923,0.016,0.241
Bennedict Mathurin,25.9,3.0,1.9,6.6,1.1,0.5,3.0,19.1,6.4,7.4,0.516,0.458,0.34,0.831,72,2149,0.579,22.8,8.8,4.6,15.2,1.1,1.0,11.9,0.338,0.389,-1.3,-1.5,0.273,0.066,0.338,0.635,0.393,0.584,0.714,0.049,0.139
Spencer Dinwiddie,19.7,7.9,0.4,4.3,1.6,0.4,2.3,15.4,7.4,5.5,0.496,0.416,0.334,0.802,79,2136,0.553,17.9,22.1,0.9,9.5,1.6,0.7,11.4,0.478,0.356,-0.9,-0.7,0.136,0.106,0.478,0.645,0.458,0.211,0.55,0.012,0.184
Scottie Barnes,28.2,8.5,2.5,8.9,2.1,1.4,4.2,24.0,6.3,6.8,0.482,0.446,0.271,0.755,65,2134,0.523,27.0,27.7,5.3,20.2,2.1,2.8,13.4,0.263,0.284,1.5,0.9,0.219,0.176,0.263,0.687,0.476,0.452,0.737,0.066,0.132
Josh Giddey,22.5,11.1,2.8,9.7,1.9,1.0,4.5,17.6,6.1,4.9,0.531,0.465,0.378,0.781,70,2117,0.57,21.7,32.9,6.4,21.4,1.9,1.8,18.4,0.348,0.281,1.9,1.1,0.277,0.076,0.348,0.584,0.377,0.414,0.895,0.013,0.277
Fred VanVleet,19.5,7.7,0.7,4.4,2.2,0.6,2.0,17.5,10.6,3.2,0.483,0.378,0.345,0.81,60,2111,0.515,17.7,21.2,1.6,9.7,2.2,1.1,9.6,0.607,0.181,-0.4,1.3,0.095,0.07,0.607,0.528,0.434,0.234,0.623,0.0,0.093
Keyonte George,25.6,8.6,0.6,5.2,1.0,0.2,4.2,20.9,11.5,6.5,0.485,0.391,0.343,0.818,67,2109,0.539,24.3,26.9,1.3,11.5,1.0,0.4,14.9,0.552,0.31,-0.2,-2.5,0.073,0.098,0.552,0.627,0.4,0.427,0.649,0.015,0.136
Damian Lillard,33.4,9.5,0.7,5.6,1.6,0.2,3.7,22.9,12.1,9.1,0.547,0.448,0.376,0.921,58,2093,0.621,27.8,29.7,1.6,12.1,1.6,0.4,12.2,0.528,0.396,4.7,-0.6,0.169,0.071,0.528,0.655,0.486,0.158,0.574,0.005,0.078
Russell Westbrook,22.8,10.5,2.3,6.2,2.4,0.9,5.6,19.1,6.7,5.4,0.505,0.449,0.323,0.661,75,2092,0.532,23.8,28.8,5.6,13.4,2.4,1.6,20.6,0.35,0.28,-0.9,-0.2,0.314,0.063,0.35,0.682,0.212,0.423,0.862,0.032,0.337
Kelly Oubre Jr.,21.5,2.6,2.3,6.4,2.2,0.7,1.9,17.6,5.7,4.4,0.518,0.47,0.293,0.751,60,2078,0.551,18.9,7.9,5.1,15.4,2.2,1.4,8.9,0.327,0.25,-1.7,-0.6,0.328,0.067,0.327,0.704,0.26,0.534,0.972,0.097,0.318
Nickeil Alexander-Walker,18.4,5.3,1.3,5.0,1.2,0.8,2.4,14.7,8.8,2.8,0.553,0.438,0.381,0.78,82,2073,0.579,16.0,15.0,2.9,11.1,1.2,1.5,12.9,0.601,0.192,-0.8,0.4,0.166,0.063,0.601,0.667,0.359,0.612,0.986,0.019,0.335
Luguentz Dort,16.6,2.7,2.1,4.7,1.8,0.9,1.2,13.7,9.6,1.1,0.578,0.435,0.412,0.717,71,2073,0.586,13.6,6.9,4.7,10.3,1.8,1.9,7.7,0.696,0.078,-0.6,0.8,0.123,0.059,0.696,0.589,0.429,0.67,0.959,0.032,0.259
Onyeka Okongwu,22.4,3.8,5.0,10.0,1.6,1.5,2.0,15.5,3.4,4.9,0.602,0.567,0.324,0.759,74,2064,0.634,17.3,11.4,11.4,24.0,1.6,3.0,10.4,0.216,0.316,1.2,0.2,0.48,0.038,0.216,0.738,0.5,0.768,1.0,0.145,0.534
Malik Monk,26.6,8.6,0.7,5.1,1.5,0.9,3.8,22.4,10.2,4.2,0.513,0.439,0.325,0.865,65,2054,0.549,24.6,25.7,1.6,11.7,1.5,1.8,13.5,0.456,0.19,0.3,-1.1,0.145,0.106,0.456,0.632,0.47,0.443,0.82,0.036,0.121
Jaylen Wells,18.7,3.1,2.0,4.1,1.0,0.2,1.6,15.4,8.9,3.1,0.527,0.425,0.352,0.822,79,2043,0.56,15.9,8.4,4.6,9.3,1.0,0.4,8.6,0.58,0.2,-1.2,-1.0,0.142,0.059,0.58,0.729,0.625,0.658,0.906,0.036,0.38
Jalen Duren,21.7,4.9,6.5,12.5,1.3,2.1,3.2,12.9,0.0,5.7,0.692,0.692,0.0,0.669,78,2034,0.703,16.4,14.7,15.2,28.7,1.3,4.2,17.2,0.0,0.443,1.6,1.5,0.663,0.004,0.0,0.76,0.5,0.624,0.0,0.441,0.0
Jalen Wilson,18.4,3.6,1.8,4.8,1.0,0.1,1.9,15.2,8.9,4.0,0.495,0.397,0.337,0.818,79,2031,0.541,16.6,10.8,4.0,11.4,1.0,0.2,10.2,0.584,0.266,-2.6,-1.3,0.165,0.023,0.584,0.608,0.286,0.597,1.0,0.002,0.29
Miles Bridges,31.5,6.0,1.7,9.9,1.1,1.1,3.3,26.4,10.9,6.2,0.495,0.431,0.313,0.87,64,2029,0.541,28.0,21.7,3.7,21.9,1.1,2.2,10.2,0.413,0.233,2.3,-0.5,0.242,0.051,0.413,0.712,0.309,0.482,0.908,0.058,0.236
Franz Wagner,35.8,7.0,1.4,7.1,1.9,0.5,3.4,28.7,8.7,7.7,0.507,0.463,0.295,0.871,60,2023,0.558,31.0,26.6,3.0,17.1,1.9,1.0,9.6,0.303,0.268,2.6,0.5,0.214,0.091,0.303,0.726,0.491,0.446,0.692,0.036,0.111
Jordan Poole,33.1,7.2,0.7,4.1,2.0,0.6,4.9,25.1,14.8,6.5,0.544,0.432,0.378,0.883,68,2001,0.591,29.0,25.6,1.6,9.0,2.0,1.2,14.8,0.588,0.259,2.0,-1.6,0.166,0.056,0.588,0.703,0.271,0.347,0.574,0.01,0.087
Draymond Green,15.0,9.4,1.8,8.3,2.4,1.7,4.3,12.5,6.0,3.6,0.503,0.424,0.325,0.687,68,1983,0.534,15.9,26.2,3.9,19.0,2.4,3.4,23.3,0.483,0.289,-2.3,2.8,0.187,0.053,0.483,0.6,0.444,0.809,0.988,0.029,0.39
Devin Vassell,25.4,4.5,0.8,5.4,2.0,0.8,2.1,21.7,10.5,2.9,0.532,0.443,0.368,0.792,64,1983,0.553,22.1,13.8,1.8,12.0,2.0,1.5,8.5,0.483,0.135,-0.3,-0.8,0.139,0.175,0.483,0.677,0.474,0.547,0.861,0.046,0.228
Klay Thompson,24.7,3.6,1.1,5.0,1.2,0.7,2.2,21.6,13.6,1.8,0.535,0.412,0.391,0.905,72,1965,0.552,21.8,10.7,2.5,11.0,1.2,1.3,8.8,0.631,0.084,0.7,-1.6,0.067,0.105,0.631,0.712,0.37,0.69,0.944,0.002,0.264
Tyrese Maxey,34.4,8.0,0.4,4.0,2.3,0.5,3.1,27.4,12.0,7.3,0.511,0.437,0.337,0.879,52,1960,0.562,29.8,28.0,0.8,9.6,2.3,1.1,9.2,0.438,0.265,3.2,-1.1,0.226,0.071,0.438,0.644,0.462,0.307,0.491,0.014,0.084
Norman Powell,32.8,3.1,0.5,4.2,1.8,0.2,2.7,23.8,10.8,6.7,0.578,0.484,0.418,0.804,60,1958,0.615,26.1,10.2,1.2,9.6,1.8,0.5,9.2,0.453,0.28,1.7,-0.2,0.184,0.086,0.453,0.718,0.42,0.601,0.793,0.019,0.145
Yves Missi,16.5,2.5,6.3,8.6,0.9,2.4,2.0,12.2,0.0,5.1,0.547,0.547,0.0,0.623,73,1956,0.572,14.3,7.2,13.7,19.7,0.9,4.8,12.4,0.002,0.415,-1.6,-1.4,0.667,0.018,0.002,0.619,0.444,0.677,0.0,0.297,0.0
Keon Ellis,16.7,3.0,1.5,3.8,3.0,1.6,1.8,11.6,8.1,2.2,0.639,0.489,0.433,0.849,80,1948,0.664,12.7,8.0,3.4,8.8,3.0,3.2,12.4,0.692,0.185,-0.1,2.0,0.103,0.056,0.692,0.833,0.308,0.682,0.921,0.05,0.324
Bilal Coulibaly,17.8,4.9,2.2,5.0,1.9,1.0,3.1,15.2,5.5,4.5,0.472,0.421,0.281,0.746,59,1948,0.515,17.9,14.9,4.8,10.9,1.9,1.9,15.1,0.359,0.296,-3.0,-0.7,0.268,0.096,0.359,0.749,0.283,0.51,0.905,0.128,0.232
Julian Champagnie,20.4,2.8,1.7,6.3,1.5,0.9,1.9,16.6,12.0,2.4,0.549,0.415,0.371,0.904,82,1932,0.577,17.2,7.9,3.7,13.9,1.5,1.6,9.5,0.722,0.141,-0.3,-0.9,0.159,0.009,0.722,0.623,0.667,0.735,0.972,0.047,0.302
Keon Johnson,21.7,4.5,1.6,6.1,2.1,0.8,3.0,20.1,10.4,3.6,0.47,0.389,0.314,0.77,79,1925,0.499,21.7,14.6,3.5,14.5,2.1,1.5,12.1,0.515,0.178,-3.1,-0.1,0.223,0.04,0.515,0.58,0.419,0.492,0.952,0.059,0.294
Naji Marshall,23.0,5.2,1.9,6.4,1.8,0.3,2.8,17.9,5.5,4.0,0.551,0.508,0.275,0.813,69,1919,0.584,20.0,15.8,4.4,14.0,1.8,0.5,12.5,0.306,0.225,-0.3,-0.5,0.25,0.098,0.306,0.73,0.571,0.483,1.0,0.038,0.482
Jrue Holiday,18.1,6.3,2.0,5.0,1.7,0.7,2.0,15.2,8.1,2.0,0.538,0.443,0.353,0.909,62,1896,0.565,15.8,17.3,4.4,10.8,1.7,1.3,11.3,0.534,0.134,-0.3,1.0,0.164,0.07,0.534,0.723,0.45,0.493,0.861,0.003,0.314
Guerschon Yabusele,20.0,3.9,3.5,6.8,1.5,0.6,2.3,14.6,7.1,3.6,0.593,0.501,0.38,0.725,70,1895,0.616,16.3,11.6,7.7,16.3,1.5,1.2,12.2,0.487,0.245,0.1,-1.1,0.313,0.028,0.487,0.744,0.188,0.725,1.0,0.089,0.241
Gary Trent Jr.,21.0,2.2,0.5,3.8,1.8,0.1,1.1,16.8,11.1,2.3,0.568,0.431,0.416,0.848,74,1893,0.591,17.1,6.4,1.2,8.2,1.8,0.2,5.7,0.659,0.14,-1.2,-0.4,0.072,0.111,0.659,0.574,0.493,0.476,0.906,0.003,0.217
Anthony Black,19.5,6.4,1.4,4.7,2.3,1.3,3.7,16.4,5.2,5.2,0.473,0.423,0.318,0.761,78,1887,0.521,19.6,19.4,3.0,11.4,2.3,2.4,16.4,0.315,0.318,-3.1,1.2,0.255,0.071,0.315,0.627,0.25,0.435,0.839,0.06,0.39
Josh Green,13.2,2.8,1.5,3.0,1.9,0.4,1.8,11.0,6.5,1.9,0.543,0.428,0.391,0.681,68,1887,0.559,11.8,8.2,3.1,6.7,1.9,0.8,13.4,0.589,0.171,-4.5,0.2,0.185,0.064,0.589,0.615,0.296,0.614,0.979,0.04,0.609
Nic Claxton,19.2,4.2,4.2,9.5,1.6,2.6,2.3,15.0,0.6,4.1,0.568,0.563,0.238,0.513,70,1882,0.569,16.8,13.7,9.0,22.7,1.6,5.3,12.0,0.037,0.271,-1.1,1.5,0.481,0.1,0.037,0.755,0.456,0.673,1.0,0.229,0.381
Andrew Nembhard,16.7,8.3,0.9,4.7,2.0,0.3,2.9,13.8,4.5,3.5,0.506,0.458,0.291,0.794,65,1881,0.545,16.3,22.5,2.0,10.7,2.0,0.5,15.8,0.325,0.252,-2.6,0.3,0.163,0.199,0.325,0.727,0.449,0.474,0.824,0.002,0.269
Cason Wallace,14.5,4.4,1.8,4.0,3.1,0.9,1.5,12.5,5.3,0.9,0.55,0.474,0.356,0.811,68,1876,0.562,12.8,11.5,4.1,8.8,3.1,1.9,10.5,0.425,0.076,-1.5,2.6,0.272,0.055,0.425,0.662,0.407,0.563,0.986,0.065,0.438
Derrick Jones Jr.,20.5,1.6,2.4,4.5,2.1,0.9,1.7,15.5,5.8,3.1,0.593,0.526,0.356,0.703,77,1873,0.609,16.5,4.6,5.7,10.1,2.1,1.7,9.3,0.372,0.2,-1.0,0.7,0.357,0.019,0.372,0.752,0.455,0.741,1.0,0.209,0.507
Rui Hachimura,20.4,2.2,2.1,5.7,1.2,0.7,1.3,15.2,6.5,3.0,0.597,0.509,0.413,0.77,59,1869,0.619,15.8,6.4,4.9,12.6,1.2,1.3,7.3,0.429,0.196,-0.1,-0.6,0.274,0.073,0.429,0.753,0.5,0.817,0.961,0.13,0.429
RJ Barrett,31.5,8.1,1.6,7.9,1.2,0.4,4.2,25.3,7.9,8.0,0.523,0.468,0.35,0.63,58,1869,0.547,28.7,27.3,3.4,17.9,1.2,0.9,12.9,0.312,0.317,1.2,-0.7,0.354,0.049,0.312,0.624,0.542,0.459,0.925,0.032,0.229
Buddy Hield,23.8,3.5,1.3,5.6,1.8,0.6,2.4,20.5,14.3,1.7,0.546,0.417,0.37,0.828,82,1863,0.56,20.5,10.7,2.9,12.7,1.8,1.2,10.1,0.698,0.081,-0.7,-0.3,0.093,0.041,0.698,0.726,0.406,0.616,0.931,0.011,0.233
Trey Murphy III,29.4,4.9,1.2,5.8,1.5,1.0,2.7,21.9,11.4,6.0,0.548,0.454,0.361,0.887,53,1854,0.598,23.7,15.9,2.7,13.2,1.5,2.0,9.9,0.522,0.274,2.1,-1.4,0.217,0.054,0.522,0.725,0.378,0.691,0.848,0.093,0.155
Zaccharie Risacher,23.9,2.3,2.2,4.6,1.3,0.9,2.3,19.8,8.7,3.8,0.537,0.458,0.355,0.711,75,1843,0.558,20.9,7.1,5.0,11.1,1.3,1.8,9.8,0.442,0.191,-1.7,-1.8,0.28,0.033,0.442,0.651,0.308,0.732,0.975,0.095,0.41
Isaiah Collier,16.0,11.6,0.8,5.3,1.7,0.4,5.4,14.5,4.4,4.0,0.459,0.422,0.249,0.682,71,1839,0.494,18.9,34.3,1.9,11.8,1.7,0.8,25.0,0.305,0.277,-3.8,-1.5,0.209,0.094,0.305,0.698,0.288,0.349,0.595,0.027,0.26
Keldon Johnson,25.7,3.3,2.9,6.8,1.3,0.6,2.0,20.2,7.2,5.1,0.538,0.482,0.318,0.773,77,1838,0.572,21.6,10.2,6.5,15.1,1.3,1.1,8.3,0.356,0.252,0.0,-1.6,0.336,0.023,0.356,0.703,0.333,0.627,0.897,0.044,0.339
Royce O'Neale,18.3,4.4,1.4,8.0,1.8,0.9,1.8,15.3,11.9,0.7,0.58,0.423,0.406,0.731,75,1837,0.585,15.5,12.3,3.3,17.5,1.8,1.7,10.1,0.774,0.046,0.2,-0.1,0.089,0.021,0.774,0.725,0.25,0.71,0.961,0.007,0.231
P.J. Washington,22.0,3.5,2.2,9.5,1.7,1.6,3.1,17.5,6.3,5.2,0.521,0.453,0.381,0.722,57,1835,0.556,20.4,10.1,5.0,20.9,1.7,2.8,13.6,0.359,0.298,-1.1,0.2,0.223,0.068,0.359,0.703,0.4,0.524,0.901,0.054,0.331
CJ McCollum,31.3,6.0,1.1,4.5,1.2,0.6,2.8,26.4,12.1,4.6,0.53,0.444,0.373,0.717,56,1832,0.55,27.2,20.6,2.4,10.3,1.2,1.3,9.0,0.459,0.173,1.2,-2.6,0.157,0.138,0.459,0.669,0.442,0.443,0.737,0.003,0.144
Haywood Highsmith,13.1,3.1,2.0,4.9,1.9,1.0,1.5,10.7,6.4,1.2,0.572,0.458,0.382,0.721,74,1818,0.583,11.3,8.4,4.4,10.8,1.9,2.0,11.6,0.596,0.11,-2.7,0.9,0.205,0.036,0.596,0.688,0.357,0.667,0.978,0.049,0.459
Alex Sarr,22.8,4.2,3.3,8.2,1.2,2.6,3.0,21.7,8.9,4.3,0.457,0.394,0.308,0.679,67,1814,0.482,23.5,13.9,7.1,17.9,1.2,5.0,11.2,0.412,0.199,-2.2,-1.0,0.17,0.086,0.412,0.695,0.324,0.701,0.952,0.077,0.15
Kyrie Irving,33.1,6.2,1.6,4.8,1.8,0.6,3.0,25.3,9.6,5.7,0.549,0.473,0.401,0.916,50,1804,0.594,27.4,20.5,3.7,10.6,1.8,1.1,9.7,0.38,0.226,3.9,-0.5,0.153,0.134,0.38,0.703,0.441,0.32,0.632,0.001,0.15
Kyshawn George,15.6,4.5,1.3,6.2,1.8,1.3,2.6,14.4,9.3,2.5,0.476,0.372,0.322,0.753,68,1802,0.503,15.9,13.3,2.8,13.7,1.8,2.5,14.2,0.648,0.17,-3.8,-0.3,0.159,0.049,0.648,0.609,0.37,0.573,0.921,0.026,0.192
Cameron Johnson,29.6,5.4,1.5,5.3,1.5,0.7,2.7,20.7,11.3,6.2,0.582,0.475,0.39,0.893,57,1800,0.632,22.9,18.5,3.3,12.8,1.5,1.4,10.5,0.546,0.301,3.5,-0.4,0.191,0.082,0.546,0.783,0.41,0.556,0.906,0.035,0.213
Duncan Robinson,22.8,4.9,0.5,4.2,1.1,0.2,2.4,18.5,13.5,1.5,0.581,0.437,0.393,0.887,74,1785,0.595,19.2,14.7,1.1,9.1,1.1,0.3,11.1,0.729,0.08,-0.7,-1.1,0.122,0.018,0.729,0.642,0.333,0.76,0.884,0.012,0.184
Kris Dunn,13.1,5.8,1.5,5.5,3.5,0.7,2.0,12.1,6.2,0.6,0.525,0.439,0.335,0.682,74,1783,0.531,12.7,15.6,3.4,12.4,3.5,1.5,14.2,0.513,0.05,-2.8,3.4,0.13,0.064,0.513,0.719,0.536,0.556,0.933,0.016,0.478
Scoot Henderson,23.1,9.3,1.4,4.0,1.9,0.4,4.9,18.9,8.2,5.7,0.496,0.419,0.354,0.767,66,1759,0.54,22.5,28.1,3.1,9.2,1.9,0.7,18.6,0.434,0.301,-1.4,-0.8,0.235,0.072,0.434,0.59,0.49,0.253,0.771,0.02,0.138
Wendell Carter Jr.,17.6,3.8,4.3,9.7,1.5,1.2,2.2,13.9,4.5,5.0,0.498,0.46,0.234,0.737,68,1758,0.544,16.0,11.5,9.4,23.4,1.5,2.2,11.9,0.322,0.356,-2.2,0.9,0.324,0.1,0.322,0.748,0.429,0.757,1.0,0.179,0.361
Collin Sexton,31.6,7.2,1.6,3.0,1.3,0.2,4.4,23.7,7.4,6.9,0.543,0.48,0.406,0.865,63,1758,0.593,27.0,25.1,3.7,6.8,1.3,0.3,14.1,0.313,0.29,1.7,-2.3,0.151,0.135,0.313,0.618,0.487,0.373,0.682,0.006,0.214
Mike Conley,16.4,9.0,0.9,4.2,2.2,0.4,2.1,13.1,8.7,2.5,0.535,0.4,0.41,0.9,71,1756,0.573,14.4,24.5,2.1,9.3,2.2,0.7,12.9,0.662,0.192,-0.1,1.3,0.077,0.081,0.662,0.583,0.342,0.433,0.819,0.0,0.268
Amir Coffey,19.6,2.2,0.9,3.6,1.1,0.2,1.3,14.4,7.0,3.6,0.57,0.471,0.409,0.891,72,1748,0.614,15.3,6.1,2.1,8.2,1.1,0.4,7.4,0.484,0.253,-1.5,-0.2,0.159,0.124,0.484,0.704,0.476,0.683,0.97,0.063,0.368
Aaron Wiggins,25.2,3.7,2.2,5.9,1.7,0.5,1.9,20.0,9.3,2.4,0.577,0.488,0.383,0.831,76,1744,0.596,20.3,10.6,5.1,12.9,1.7,1.0,8.3,0.466,0.122,1.3,-0.2,0.28,0.048,0.466,0.725,0.457,0.573,0.923,0.027,0.324
Walker Kessler,17.7,2.7,7.3,12.2,1.0,3.8,2.4,11.6,0.9,4.2,0.671,0.663,0.176,0.52,58,1740,0.66,13.7,8.3,16.6,27.1,1.0,7.4,15.0,0.081,0.363,1.1,0.7,0.611,0.005,0.081,0.77,0.0,0.618,1.0,0.329,0.235
Ochai Agbaji,18.5,2.7,1.7,5.0,1.6,0.8,1.5,14.8,7.0,1.3,0.593,0.498,0.399,0.708,64,1739,0.601,14.6,7.9,3.7,11.4,1.6,1.6,8.9,0.474,0.09,-0.9,0.2,0.365,0.028,0.474,0.672,0.2,0.794,0.96,0.069,0.542
Brandin Podziemski,21.2,6.2,1.8,7.4,2.0,0.4,2.1,17.8,8.8,2.7,0.537,0.445,0.372,0.758,64,1716,0.557,18.3,18.7,4.0,16.8,2.0,0.7,10.1,0.491,0.151,-0.1,0.8,0.111,0.135,0.491,0.671,0.482,0.552,0.843,0.002,0.172
Jabari Smith Jr.,19.8,1.7,3.0,8.3,0.7,1.2,1.7,16.1,7.9,3.6,0.525,0.438,0.354,0.825,57,1716,0.562,16.4,4.7,6.4,18.6,0.7,2.1,8.9,0.489,0.223,-0.8,0.1,0.173,0.145,0.489,0.704,0.5,0.567,0.969,0.057,0.235
Bradley Beal,26.2,5.7,1.0,4.2,1.7,0.8,2.9,20.2,7.7,4.0,0.571,0.497,0.386,0.803,53,1702,0.598,22.1,17.6,2.3,9.1,1.7,1.5,11.6,0.38,0.197,-0.1,-1.0,0.159,0.143,0.38,0.764,0.505,0.519,0.873,0.024,0.303
Jakob Poeltl,23.5,4.5,5.4,10.2,1.9,2.0,3.2,16.5,0.1,4.1,0.628,0.627,0.333,0.674,57,1686,0.641,18.7,14.5,11.7,23.3,1.9,4.0,14.7,0.005,0.249,0.7,1.3,0.496,0.145,0.005,0.746,0.512,0.746,1.0,0.055,0.333
Scotty Pippen Jr.,21.5,9.6,1.8,5.4,2.8,0.8,3.8,16.4,6.0,4.7,0.553,0.48,0.397,0.713,79,1683,0.582,19.3,27.1,4.1,12.1,2.8,1.6,17.1,0.369,0.288,0.0,1.8,0.261,0.061,0.369,0.658,0.333,0.5,0.977,0.02,0.205
Santi Aldama,22.7,5.3,2.6,9.0,1.5,0.8,2.0,18.1,9.1,2.6,0.576,0.483,0.368,0.691,65,1660,0.588,18.5,15.2,6.1,20.3,1.5,1.6,9.3,0.503,0.145,2.5,0.7,0.208,0.059,0.503,0.763,0.5,0.642,0.967,0.073,0.261
A.J. Green,15.8,3.1,0.5,4.5,1.1,0.2,1.2,12.4,10.6,0.8,0.612,0.429,0.427,0.815,73,1659,0.621,12.6,8.5,1.2,9.8,1.1,0.4,8.4,0.856,0.064,-1.7,-0.4,0.028,0.038,0.856,0.667,0.5,0.741,0.942,0.0,0.292
Al Horford,16.3,3.9,2.4,8.8,1.1,1.5,1.4,13.9,9.5,1.1,0.547,0.423,0.363,0.895,60,1659,0.563,13.8,10.4,5.2,18.9,1.1,2.8,8.8,0.681,0.082,0.1,1.1,0.119,0.015,0.681,0.745,0.429,0.827,0.991,0.017,0.318
Terry Rozier,20.4,5.0,1.3,5.8,1.1,0.4,2.3,19.1,9.3,3.2,0.462,0.391,0.295,0.852,64,1658,0.497,20.4,14.8,3.0,12.8,1.1,0.8,10.3,0.485,0.17,-2.6,-1.0,0.173,0.072,0.485,0.6,0.435,0.459,0.802,0.002,0.412
Peyton Watson,16.0,2.7,1.4,5.4,1.4,2.7,1.6,12.4,3.9,4.0,0.533,0.477,0.353,0.693,68,1656,0.564,13.9,7.0,3.3,11.8,1.4,5.0,10.3,0.318,0.32,-2.1,0.3,0.35,0.058,0.318,0.707,0.32,0.801,0.979,0.178,0.551
Moses Moody,21.4,2.8,1.5,4.0,1.7,0.9,1.6,16.8,9.9,3.9,0.544,0.433,0.374,0.797,74,1649,0.578,17.4,8.3,3.3,9.2,1.7,1.8,7.9,0.593,0.234,-0.9,0.0,0.137,0.055,0.593,0.718,0.194,0.667,0.968,0.033,0.368
Tristan Da Silva,16.3,3.5,2.2,5.3,1.0,0.6,1.7,14.8,7.3,1.9,0.495,0.412,0.335,0.873,74,1629,0.522,15.2,10.3,4.9,12.7,1.0,1.1,9.9,0.495,0.13,-2.3,-0.3,0.197,0.043,0.495,0.589,0.333,0.613,0.95,0.062,0.393
Donte DiVincenzo,22.2,6.9,1.0,6.0,2.2,0.5,3.0,18.2,13.5,1.9,0.568,0.422,0.397,0.778,62,1606,0.582,19.4,20.2,2.2,13.3,2.2,1.0,13.8,0.739,0.106,0.8,1.1,0.126,0.024,0.739,0.627,0.357,0.592,0.851,0.013,0.196
Isaiah Joe,22.6,3.6,1.2,4.6,1.4,0.3,1.1,17.6,13.9,1.7,0.604,0.44,0.412,0.821,74,1604,0.617,17.2,9.7,2.8,10.1,1.4,0.6,5.8,0.793,0.095,1.4,-0.1,0.07,0.054,0.793,0.805,0.313,0.791,0.911,0.015,0.18
Corey Kispert,20.9,3.1,1.1,4.3,0.8,0.4,1.9,16.8,9.8,2.6,0.558,0.451,0.364,0.852,61,1602,0.584,17.5,9.7,2.3,9.5,0.8,0.8,9.6,0.584,0.156,-1.4,-2.2,0.189,0.039,0.584,0.729,0.409,0.793,0.942,0.012,0.164
Miles McBride,19.0,5.8,1.5,3.6,2.1,0.5,1.3,17.0,9.7,2.0,0.511,0.406,0.369,0.813,64,1593,0.531,16.8,15.6,3.4,8.1,2.1,1.0,6.7,0.57,0.117,-0.4,0.4,0.141,0.11,0.57,0.494,0.55,0.393,0.809,0.026,0.276
Isaiah Hartenstein,19.2,6.6,4.9,13.5,1.4,1.9,2.9,14.5,0.6,3.5,0.581,0.581,0.0,0.675,57,1590,0.599,16.7,18.3,11.2,29.6,1.4,3.9,15.3,0.04,0.244,0.6,2.6,0.363,0.225,0.04,0.73,0.509,0.81,0.0,0.2,0.158
Gradey Dick,23.6,3.0,1.3,4.5,1.5,0.3,2.5,19.6,9.9,4.7,0.498,0.41,0.35,0.858,54,1587,0.543,21.0,8.9,2.9,10.3,1.5,0.6,10.4,0.504,0.24,-1.9,-1.3,0.207,0.11,0.504,0.582,0.493,0.795,0.947,0.034,0.261
Paolo Banchero,37.6,6.9,1.6,9.3,1.1,0.9,4.3,28.8,8.6,12.2,0.5,0.452,0.32,0.727,46,1582,0.551,33.6,26.0,3.5,22.4,1.1,1.7,11.2,0.299,0.423,3.4,0.2,0.213,0.165,0.299,0.691,0.44,0.378,0.494,0.055,0.092
Patrick Williams,16.8,3.7,1.3,5.7,1.4,0.9,2.5,15.3,8.1,2.5,0.49,0.397,0.353,0.723,63,1576,0.512,16.9,10.3,2.9,12.7,1.4,1.8,13.5,0.527,0.161,-3.0,-0.7,0.211,0.052,0.527,0.541,0.444,0.569,0.938,0.048,0.217
Obi Toppin,25.9,4.0,1.7,8.2,1.4,0.9,2.1,18.6,9.4,3.5,0.621,0.529,0.365,0.781,79,1545,0.642,20.1,11.9,4.1,18.7,1.4,1.6,9.5,0.503,0.19,1.8,-0.1,0.295,0.037,0.503,0.791,0.273,0.758,0.964,0.129,0.385
Grayson Allen,21.8,4.4,1.1,5.1,1.7,0.6,2.4,15.7,11.2,3.7,0.6,0.448,0.426,0.816,64,1544,0.631,17.6,12.5,2.5,11.3,1.7,1.2,12.2,0.716,0.233,0.7,-1.0,0.102,0.039,0.716,0.68,0.263,0.7,0.966,0.018,0.263
Sam Hauser,19.7,2.1,1.4,5.9,1.3,0.4,0.7,15.4,13.0,0.4,0.627,0.451,0.416,1.0,71,1541,0.632,14.3,5.8,3.1,12.7,1.3,0.8,4.6,0.842,0.023,0.9,-0.1,0.053,0.04,0.842,0.72,0.737,0.813,0.952,0.006,0.268
Ziaire Williams,20.4,2.7,2.0,7.3,2.0,0.9,2.2,16.8,9.8,4.0,0.511,0.412,0.341,0.821,63,1541,0.55,18.2,8.5,4.3,17.5,2.0,1.8,10.5,0.581,0.237,-2.2,-0.1,0.242,0.027,0.581,0.659,0.429,0.631,0.981,0.092,0.411
Gabe Vincent,14.8,3.2,0.6,2.3,1.6,0.4,1.3,13.5,10.0,0.7,0.53,0.4,0.353,0.714,72,1527,0.536,13.5,8.7,1.5,5.2,1.6,0.8,8.7,0.736,0.05,-3.8,-0.1,0.079,0.057,0.736,0.636,0.458,0.593,0.872,0.0,0.356
Victor Wembanyama,35.3,5.3,2.6,13.4,1.6,5.6,4.7,27.1,12.8,6.0,0.559,0.476,0.352,0.836,46,1527,0.594,30.4,18.3,5.7,29.8,1.6,10.4,13.7,0.47,0.221,3.6,2.9,0.208,0.095,0.47,0.809,0.432,0.703,0.859,0.114,0.065
Jerami Grant,21.6,3.2,0.8,4.4,1.3,1.5,2.1,18.3,9.4,5.3,0.467,0.373,0.365,0.849,47,1524,0.523,19.4,9.5,1.8,10.0,1.3,2.7,9.1,0.516,0.289,-1.4,-0.3,0.197,0.073,0.516,0.504,0.333,0.519,0.963,0.035,0.368
Kyle Filipowski,21.8,4.4,3.5,10.3,1.5,0.7,3.2,16.3,6.9,4.5,0.576,0.502,0.35,0.65,72,1522,0.594,18.7,13.9,8.0,23.1,1.5,1.4,14.9,0.425,0.276,-0.6,-0.3,0.218,0.031,0.425,0.726,0.75,0.579,0.935,0.098,0.336
Ja Morant,35.5,11.1,1.0,5.2,1.9,0.4,5.7,27.2,8.7,9.8,0.504,0.454,0.309,0.824,50,1519,0.563,32.2,36.0,2.4,11.8,1.9,0.7,15.2,0.321,0.359,3.1,-0.7,0.233,0.11,0.321,0.691,0.449,0.237,0.614,0.022,0.179
Matas Buzelis,21.3,2.4,1.7,6.9,0.9,2.3,2.3,17.1,8.2,3.3,0.541,0.454,0.361,0.815,80,1511,0.571,18.7,7.2,3.9,15.2,0.9,4.3,10.9,0.479,0.195,-2.0,-0.5,0.305,0.023,0.479,0.633,0.154,0.699,0.979,0.141,0.504
LaMelo Ball,38.7,11.3,1.5,6.0,1.8,0.4,5.5,32.8,17.3,7.5,0.494,0.405,0.339,0.843,47,1505,0.536,35.9,43.8,3.3,13.4,1.8,0.8,13.1,0.526,0.228,4.1,-0.9,0.138,0.093,0.526,0.601,0.452,0.233,0.62,0.005,0.089
Dalton Knecht,23.2,2.2,1.2,5.9,0.8,0.3,1.2,18.3,11.2,2.8,0.576,0.461,0.376,0.762,78,1494,0.594,18.5,6.5,2.9,13.1,0.8,0.5,5.9,0.61,0.151,-0.1,-1.7,0.162,0.075,0.61,0.789,0.5,0.744,0.922,0.095,0.268
Lauri Markkanen,29.0,2.3,2.3,6.7,1.1,0.6,2.1,22.8,13.0,6.0,0.521,0.423,0.346,0.876,47,1476,0.571,24.0,7.5,5.3,14.9,1.1,1.1,7.8,0.57,0.264,1.8,-2.1,0.15,0.044,0.57,0.638,0.355,0.658,1.0,0.104,0.18
Luke Kennard,18.2,6.8,1.2,4.6,1.6,0.2,2.3,13.6,8.2,1.8,0.609,0.478,0.433,0.895,65,1472,0.631,14.5,18.5,2.7,10.4,1.6,0.3,13.6,0.606,0.132,0.9,0.2,0.074,0.132,0.606,0.75,0.561,0.538,0.947,0.002,0.241
Jamal Shead,17.5,10.4,1.0,2.8,1.9,0.3,3.8,16.5,7.3,2.3,0.476,0.405,0.323,0.768,75,1467,0.499,18.6,29.8,2.1,6.4,1.9,0.7,18.0,0.442,0.137,-3.2,-0.9,0.169,0.127,0.442,0.624,0.469,0.402,0.875,0.016,0.148
Aaron Gordon,24.9,5.5,2.7,5.5,0.8,0.5,2.4,16.5,5.7,5.9,0.607,0.531,0.436,0.81,51,1447,0.65,19.0,15.0,6.4,12.1,0.8,0.9,11.3,0.346,0.36,2.7,-1.5,0.348,0.07,0.346,0.665,0.571,0.566,0.867,0.141,0.36
Isaiah Stewart,14.6,4.1,4.4,9.0,0.9,3.4,2.3,10.6,1.8,2.9,0.586,0.559,0.321,0.759,72,1434,0.616,12.4,11.3,10.1,20.6,0.9,6.7,16.1,0.168,0.276,-1.6,2.1,0.438,0.041,0.168,0.681,0.615,0.73,1.0,0.111,0.17
Brice Sensabaugh,25.9,3.7,1.4,5.6,1.5,0.3,3.6,20.1,12.5,2.4,0.59,0.459,0.422,0.89,71,1432,0.612,21.5,12.0,3.2,12.6,1.5,0.5,14.5,0.621,0.122,0.4,-1.6,0.075,0.11,0.621,0.711,0.455,0.585,0.86,0.008,0.306
Goga Bitadze,17.5,4.8,5.8,10.3,1.7,3.4,2.5,11.8,1.0,4.6,0.615,0.611,0.107,0.639,70,1430,0.631,14.3,14.8,12.7,25.0,1.7,6.6,15.3,0.083,0.392,-0.3,2.8,0.599,0.035,0.083,0.739,0.333,0.676,1.0,0.289,0.214
Kel'el Ware,20.9,2.1,4.1,12.5,1.4,2.5,2.0,16.3,3.9,2.4,0.592,0.554,0.315,0.687,64,1422,0.603,17.2,6.5,9.1,27.5,1.4,4.8,10.4,0.239,0.144,-0.7,0.6,0.401,0.075,0.239,0.715,0.429,0.766,0.971,0.321,0.18
Tari Eason,23.5,2.8,4.4,8.0,3.3,1.7,2.2,19.2,6.3,3.6,0.543,0.487,0.342,0.76,57,1420,0.567,19.4,8.5,9.4,17.9,3.3,3.2,9.7,0.329,0.186,1.0,2.6,0.377,0.075,0.329,0.678,0.405,0.531,0.984,0.1,0.364
Zach Edey,20.0,2.1,7.6,10.4,1.2,2.8,2.9,14.2,1.7,4.2,0.6,0.58,0.346,0.709,66,1416,0.624,16.4,6.1,17.5,23.4,1.2,5.5,15.3,0.12,0.293,-0.2,0.1,0.501,0.035,0.12,0.76,0.4,0.635,1.0,0.236,0.308
T.J. McConnell,24.5,11.9,1.5,5.1,2.8,0.7,3.7,21.2,1.7,2.6,0.531,0.519,0.306,0.74,79,1415,0.547,23.4,37.0,3.5,11.6,2.8,1.3,14.2,0.079,0.123,0.6,0.6,0.24,0.263,0.079,0.667,0.457,0.388,0.733,0.0,0.306
Ryan Dunn,17.9,2.0,3.2,6.1,1.5,1.4,1.4,16.7,9.3,1.4,0.516,0.43,0.311,0.487,74,1410,0.517,16.7,5.7,7.5,13.5,1.5,2.7,7.5,0.553,0.082,-2.9,-1.2,0.166,0.061,0.553,0.759,0.414,0.748,1.0,0.075,0.564
Sam Merrill,17.5,3.7,1.3,4.1,1.8,0.5,1.2,14.6,12.6,1.0,0.567,0.406,0.372,0.966,71,1401,0.583,14.3,9.6,3.0,8.9,1.8,0.9,7.4,0.868,0.068,-0.4,0.7,0.085,0.005,0.868,0.722,0.0,0.8,0.993,0.0,0.22
Ayo Dosunmu,19.0,7.0,0.9,4.5,1.4,0.6,2.3,15.0,6.3,2.6,0.561,0.492,0.328,0.785,46,1394,0.585,16.6,20.2,2.0,10.0,1.4,1.1,12.5,0.421,0.176,-1.4,-0.2,0.372,0.027,0.421,0.707,0.333,0.553,0.935,0.027,0.407
Ty Jerome,30.3,8.2,1.7,4.3,2.7,0.1,3.2,21.4,8.7,5.1,0.606,0.516,0.439,0.872,70,1392,0.643,23.6,24.5,4.0,9.3,2.7,0.2,11.9,0.409,0.239,3.5,0.8,0.121,0.168,0.409,0.56,0.577,0.332,0.64,0.0,0.146
Julian Strawther,20.4,2.9,0.6,4.3,1.4,0.6,2.0,16.9,9.3,3.1,0.529,0.432,0.349,0.822,65,1384,0.559,17.8,7.6,1.4,9.5,1.4,1.0,9.8,0.553,0.185,-3.1,-1.4,0.142,0.097,0.553,0.681,0.489,0.724,0.894,0.012,0.138
Nick Smith Jr.,21.2,5.2,0.5,4.1,0.6,0.2,2.9,20.4,11.0,1.7,0.482,0.391,0.34,0.935,60,1369,0.502,20.8,16.7,1.0,9.1,0.6,0.4,12.2,0.539,0.081,-3.2,-2.6,0.069,0.158,0.539,0.59,0.467,0.381,0.817,0.004,0.193
Jaime Jaquez Jr.,20.8,6.1,3.1,7.5,2.2,0.5,3.6,16.8,4.3,5.2,0.501,0.461,0.311,0.754,66,1368,0.543,20.2,17.9,6.8,16.5,2.2,1.0,15.7,0.258,0.307,-1.4,0.5,0.288,0.039,0.258,0.677,0.222,0.443,0.892,0.032,0.513
Nicolas Batum,11.3,3.0,1.7,6.2,1.9,1.3,1.2,8.6,7.3,0.8,0.622,0.437,0.433,0.81,78,1367,0.633,9.0,7.8,4.0,14.0,1.9,2.6,12.1,0.853,0.088,-1.2,2.0,0.059,0.008,0.853,0.571,0.0,0.5,0.989,0.021,0.478
Jose Alvarado,20.5,9.2,1.0,3.9,2.6,0.5,3.0,18.5,11.0,2.6,0.498,0.392,0.359,0.811,56,1366,0.523,19.8,27.3,2.1,8.9,2.6,1.0,13.4,0.593,0.142,-0.6,-0.8,0.136,0.081,0.593,0.563,0.452,0.376,0.703,0.0,0.207
Jeremy Sochan,21.9,4.5,4.5,8.0,1.6,1.0,3.0,16.6,3.2,4.4,0.565,0.535,0.308,0.696,54,1364,0.589,19.0,13.7,10.0,17.7,1.6,1.8,13.8,0.194,0.267,-0.8,-0.4,0.546,0.038,0.194,0.707,0.333,0.744,0.964,0.196,0.385
Luke Kornet,16.2,4.3,7.0,7.3,1.3,2.6,1.1,10.3,0.1,3.6,0.668,0.668,0.0,0.691,73,1361,0.683,11.4,11.9,15.2,15.8,1.3,4.8,8.8,0.011,0.346,1.6,1.7,0.732,0.029,0.011,0.761,0.375,0.695,0.0,0.354,0.333
Trey Lyles,16.3,3.0,2.9,8.6,1.5,0.8,1.4,13.6,8.6,2.9,0.528,0.42,0.34,0.7,69,1349,0.551,14.3,7.9,6.6,19.6,1.5,1.7,8.7,0.636,0.214,-0.4,-0.3,0.171,0.029,0.636,0.688,0.636,0.789,1.0,0.078,0.311
Justin Champagnie,19.3,2.1,4.0,8.5,2.3,1.4,1.9,14.6,6.9,2.6,0.601,0.511,0.383,0.685,62,1340,0.614,15.6,6.8,8.6,18.6,2.3,2.6,10.9,0.47,0.178,-0.3,-0.2,0.324,0.022,0.47,0.767,0.333,0.566,0.986,0.075,0.316
Paul George,24.6,6.6,0.9,7.2,2.8,0.7,3.9,21.1,9.9,3.6,0.514,0.43,0.358,0.814,41,1334,0.543,23.5,20.9,2.0,17.2,2.8,1.5,14.7,0.47,0.17,-0.5,0.1,0.105,0.14,0.47,0.75,0.525,0.282,0.656,0.021,0.175
Ausar Thompson,21.5,4.9,4.0,7.0,3.5,1.4,2.9,16.7,1.8,5.1,0.547,0.535,0.224,0.641,59,1328,0.568,19.1,14.4,9.3,15.9,3.5,2.9,13.3,0.107,0.309,-0.8,2.5,0.498,0.033,0.107,0.69,0.2,0.621,1.0,0.272,0.51
Donovan Clingan,16.0,2.8,8.0,11.4,1.2,4.0,2.6,12.3,1.8,3.8,0.56,0.539,0.286,0.596,67,1324,0.574,14.2,8.3,17.3,26.1,1.2,7.5,15.9,0.147,0.311,-1.7,1.4,0.617,0.009,0.147,0.68,0.0,0.602,1.0,0.207,0.102
Jordan Hawkins,22.1,2.4,0.9,4.9,1.1,0.8,2.1,20.4,12.2,3.6,0.471,0.372,0.331,0.816,56,1321,0.504,21.0,7.3,2.0,11.2,1.1,1.7,8.8,0.597,0.176,-2.4,-3.0,0.092,0.119,0.597,0.549,0.5,0.629,0.909,0.036,0.232
Tyrese Martin,19.8,4.6,2.2,6.1,1.3,0.3,2.8,17.6,10.7,2.2,0.513,0.406,0.351,0.793,60,1315,0.533,18.8,14.6,4.8,14.6,1.3,0.7,13.1,0.606,0.125,-1.4,-1.2,0.127,0.073,0.606,0.746,0.412,0.522,0.939,0.013,0.305
Mason Plumlee,12.7,5.1,4.4,12.9,1.3,1.8,2.2,7.7,0.2,4.9,0.619,0.619,0.0,0.648,74,1300,0.645,10.8,13.6,10.2,28.4,1.3,3.4,18.6,0.02,0.634,-1.5,1.0,0.545,0.035,0.02,0.782,0.143,0.776,0.0,0.347,0.5
Jonathan Mogbo,14.6,5.5,4.1,7.6,2.1,1.3,2.6,13.3,2.6,3.1,0.462,0.438,0.243,0.732,63,1286,0.496,15.0,15.3,8.9,17.3,2.1,2.5,15.1,0.197,0.23,-2.9,1.0,0.461,0.073,0.197,0.634,0.346,0.712,1.0,0.216,0.443
Jalen Johnson,24.8,6.6,2.3,10.8,2.0,1.3,3.9,19.7,5.1,4.6,0.541,0.5,0.312,0.746,36,1284,0.569,22.5,20.5,5.2,26.0,2.0,2.6,15.1,0.26,0.232,0.5,1.4,0.352,0.09,0.26,0.749,0.245,0.626,0.955,0.127,0.298
Max Strus,17.8,6.0,2.0,6.2,1.0,0.5,2.0,14.1,11.1,1.3,0.594,0.442,0.386,0.824,50,1273,0.607,14.7,15.6,4.6,13.6,1.0,0.9,12.2,0.786,0.091,1.1,0.2,0.134,0.0,0.786,0.78,0.0,0.731,0.965,0.035,0.304
Johnny Juzang,21.6,2.6,1.6,5.4,1.5,0.3,1.4,17.9,11.9,2.0,0.554,0.429,0.376,0.849,64,1270,0.573,17.6,7.9,3.6,12.0,1.5,0.6,6.7,0.661,0.112,-0.9,-1.4,0.072,0.069,0.661,0.676,0.424,0.605,0.89,0.006,0.395
Ron Holland,19.8,3.1,1.5,6.8,1.9,0.6,2.7,15.8,5.7,4.6,0.517,0.474,0.238,0.754,81,1266,0.556,18.1,8.9,3.5,15.5,1.9,1.3,13.3,0.363,0.293,-3.3,0.3,0.296,0.038,0.363,0.691,0.5,0.596,1.0,0.091,0.483
Dean Wade,12.3,2.9,2.0,7.6,1.6,0.8,0.8,10.4,8.5,1.2,0.561,0.413,0.36,0.533,59,1252,0.563,10.4,7.3,4.5,16.6,1.6,1.4,7.2,0.819,0.111,-1.0,1.2,0.118,0.007,0.819,0.781,0.5,0.688,1.0,0.033,0.392
Ricky Council IV,21.0,3.8,2.0,6.4,1.3,0.5,2.1,18.3,8.4,6.0,0.442,0.382,0.258,0.804,73,1250,0.502,20.3,11.4,4.4,15.4,1.3,1.0,8.9,0.46,0.33,-2.0,-2.3,0.24,0.089,0.46,0.631,0.439,0.516,0.927,0.071,0.183
Tidjane Salaün,14.0,2.9,2.8,8.3,1.1,0.6,2.3,13.6,8.1,3.7,0.414,0.33,0.283,0.713,60,1244,0.457,15.2,8.5,5.9,18.4,1.1,1.1,13.1,0.594,0.272,-4.3,-0.8,0.191,0.038,0.594,0.606,0.077,0.643,0.879,0.038,0.21
Bobby Portis,26.4,4.0,3.5,12.5,1.4,1.0,2.2,23.1,6.9,2.8,0.52,0.466,0.365,0.836,49,1244,0.542,24.1,12.9,8.2,27.0,1.4,1.9,8.3,0.299,0.123,0.6,-0.4,0.2,0.163,0.299,0.655,0.423,0.519,0.969,0.015,0.258
Moussa Diabaté,16.0,2.2,7.4,9.9,1.8,1.6,2.4,11.1,0.2,4.6,0.596,0.596,0.0,0.595,71,1241,0.609,13.4,6.8,15.7,22.0,1.8,3.2,15.6,0.021,0.414,-1.4,-0.4,0.65,0.054,0.021,0.698,0.4,0.743,0.0,0.329,0.333
Jeremiah Robinson-Earl,16.3,3.4,4.3,8.0,1.5,0.3,2.0,13.6,6.4,2.2,0.536,0.455,0.341,0.836,66,1239,0.563,14.4,9.9,9.3,18.4,1.5,0.5,12.1,0.473,0.159,-0.9,-1.6,0.294,0.066,0.473,0.686,0.391,0.696,0.964,0.026,0.543
Simone Fontecchio,17.3,2.5,2.0,6.3,1.2,0.5,2.1,14.5,8.8,3.3,0.504,0.402,0.335,0.833,75,1237,0.544,15.8,6.9,4.7,14.5,1.2,0.9,11.6,0.609,0.225,-2.2,-0.7,0.164,0.032,0.609,0.623,0.5,0.649,1.0,0.035,0.361
Cole Anthony,25.5,7.7,1.9,6.4,1.8,1.3,4.2,22.0,8.8,4.6,0.494,0.424,0.353,0.823,67,1234,0.531,24.6,25.5,4.1,15.5,1.8,2.5,14.8,0.401,0.208,-0.8,0.9,0.129,0.175,0.401,0.714,0.337,0.261,0.766,0.007,0.151
Ben Sheppard,13.0,3.3,1.7,5.2,1.5,0.5,0.9,11.2,7.8,1.1,0.537,0.418,0.342,0.889,63,1228,0.555,11.3,8.6,4.0,12.0,1.5,1.0,6.9,0.693,0.094,-2.2,0.2,0.164,0.024,0.693,0.702,0.571,0.731,0.985,0.007,0.578
Daniel Gafford,27.7,3.2,6.1,9.2,0.9,4.0,2.6,15.9,0.0,7.7,0.702,0.702,0.0,0.689,57,1226,0.716,19.5,10.2,14.1,20.3,0.9,7.1,11.9,0.0,0.486,2.7,1.1,0.69,0.012,0.0,0.748,0.6,0.721,0.0,0.325,0.0
John Collins,29.8,3.1,3.5,9.4,1.5,1.6,4.1,20.9,5.8,6.5,0.583,0.527,0.399,0.848,40,1220,0.628,24.2,10.8,7.9,20.9,1.5,3.1,14.6,0.279,0.309,1.4,-0.4,0.234,0.066,0.279,0.702,0.343,0.647,0.966,0.13,0.385
Kristaps Porziņģis,33.9,3.6,2.8,9.0,1.3,2.6,2.2,23.8,10.4,8.2,0.572,0.483,0.412,0.809,42,1210,0.618,25.9,11.4,6.1,19.3,1.3,4.8,7.4,0.436,0.347,3.5,1.2,0.174,0.11,0.436,0.76,0.365,0.77,0.981,0.106,0.068
Brandon Clarke,20.6,2.5,4.9,7.7,2.0,1.4,1.6,14.6,0.7,3.4,0.622,0.621,0.059,0.701,64,1207,0.638,15.3,7.4,11.3,17.3,2.0,2.7,8.9,0.045,0.229,0.0,0.8,0.429,0.132,0.045,0.816,0.38,0.762,1.0,0.079,0.765
Deandre Ayton,23.2,2.6,5.0,11.4,1.2,1.6,2.8,18.9,1.3,2.4,0.573,0.566,0.188,0.667,40,1206,0.583,19.4,8.5,10.9,26.0,1.2,2.9,12.2,0.068,0.128,-0.3,-0.4,0.344,0.205,0.068,0.82,0.49,0.741,1.0,0.165,0.469
Jarace Walker,18.7,4.5,1.0,8.3,2.2,1.0,3.2,14.6,7.5,2.8,0.576,0.472,0.405,0.667,75,1187,0.59,17.1,12.2,2.4,19.0,2.2,1.9,16.7,0.514,0.192,-1.8,0.8,0.183,0.067,0.514,0.606,0.708,0.705,0.893,0.081,0.227
Kawhi Leonard,33.2,4.8,1.5,7.7,2.5,0.7,3.0,26.0,7.9,5.0,0.56,0.498,0.411,0.81,37,1180,0.589,27.7,16.4,3.4,17.4,2.5,1.4,9.6,0.305,0.194,2.5,0.6,0.132,0.266,0.305,0.768,0.476,0.431,0.679,0.056,0.137
Clint Capela,19.4,2.5,6.9,11.7,1.4,2.1,1.9,15.5,0.0,3.9,0.559,0.559,0.0,0.536,55,1176,0.564,16.7,7.4,15.8,28.2,1.4,4.1,9.8,0.003,0.249,-0.6,-0.4,0.638,0.033,0.003,0.643,0.308,0.775,0.0,0.262,0.0
Mark Williams,28.2,4.6,5.5,13.2,1.3,2.3,3.0,18.8,0.2,6.8,0.604,0.604,0.0,0.804,44,1171,0.647,21.4,16.5,11.8,29.3,1.3,4.5,12.0,0.009,0.365,2.5,0.9,0.555,0.056,0.009,0.754,0.44,0.807,0.0,0.264,0.25
Precious Achiuwa,16.1,2.3,4.3,9.2,2.0,1.8,1.9,13.9,1.5,2.9,0.517,0.502,0.278,0.594,57,1170,0.53,14.9,6.2,10.0,21.0,2.0,3.3,11.2,0.11,0.211,-2.1,0.2,0.523,0.098,0.11,0.661,0.438,0.695,1.0,0.171,0.75
Nikola Jović,21.3,5.7,1.1,6.6,1.6,0.6,2.6,16.3,9.1,3.8,0.56,0.456,0.371,0.828,46,1156,0.595,18.3,16.6,2.5,14.6,1.6,1.1,12.6,0.557,0.231,-0.3,0.6,0.183,0.034,0.557,0.739,0.231,0.649,0.949,0.016,0.348
Justin Edwards,19.0,2.9,2.0,4.4,1.9,0.7,2.1,16.1,8.1,2.0,0.546,0.455,0.363,0.696,44,1155,0.559,16.9,8.9,4.3,10.4,1.9,1.4,11.0,0.503,0.122,-2.1,-1.6,0.212,0.106,0.503,0.663,0.525,0.544,0.928,0.024,0.253
Vit Krejci,16.7,6.0,0.9,5.4,1.5,1.1,2.0,11.8,8.4,1.8,0.651,0.497,0.437,0.711,57,1153,0.661,12.9,16.5,2.0,13.1,1.5,2.1,13.8,0.705,0.154,0.0,0.7,0.13,0.034,0.705,0.763,0.5,0.655,0.922,0.041,0.223
Jonathan Kuminga,30.6,4.4,2.4,6.8,1.6,0.9,3.0,24.2,6.4,10.0,0.495,0.454,0.305,0.668,47,1144,0.535,27.4,14.6,5.1,15.6,1.6,1.7,9.6,0.266,0.414,-0.5,-0.1,0.22,0.113,0.266,0.736,0.328,0.519,0.891,0.095,0.305
Kevon Looney,14.7,5.0,7.9,11.8,2.0,1.6,1.7,11.8,0.2,4.2,0.518,0.514,0.4,0.566,76,1142,0.535,13.3,14.3,16.9,26.9,2.0,3.1,10.8,0.018,0.356,-1.0,1.3,0.525,0.054,0.018,0.671,0.267,0.567,1.0,0.09,0.4
Kenrich Williams,18.5,4.1,2.8,7.5,1.8,0.4,1.7,15.0,7.3,1.7,0.576,0.483,0.386,0.718,69,1132,0.587,15.4,11.0,6.3,16.3,1.8,0.9,9.5,0.483,0.11,-0.4,0.9,0.234,0.056,0.483,0.735,0.3,0.6,1.0,0.017,0.263
Aaron Nesmith,23.2,2.3,1.6,6.0,1.5,0.7,1.6,16.2,8.3,3.4,0.617,0.507,0.431,0.913,45,1123,0.653,17.4,6.6,3.7,13.9,1.5,1.4,8.2,0.515,0.211,0.0,-0.5,0.203,0.084,0.515,0.714,0.469,0.769,0.964,0.042,0.369
Dalano Banton,24.3,6.9,1.3,4.6,1.9,1.5,3.7,22.0,9.6,5.4,0.462,0.391,0.324,0.728,67,1120,0.497,24.1,21.5,2.8,10.4,1.9,2.8,13.3,0.438,0.247,-0.6,-0.2,0.249,0.059,0.438,0.635,0.333,0.373,0.875,0.024,0.198
Ja'Kobe Walter,19.6,3.5,2.6,4.4,1.9,0.4,2.2,17.2,8.1,3.6,0.487,0.405,0.349,0.795,52,1103,0.523,18.2,10.2,5.6,10.1,1.9,0.9,10.4,0.473,0.211,-2.3,-0.6,0.232,0.064,0.473,0.527,0.48,0.628,0.954,0.041,0.29
Jaxson Hayes,17.2,2.6,3.5,8.6,1.4,2.3,1.9,10.0,0.1,4.4,0.722,0.722,0.0,0.622,56,1093,0.72,12.4,7.5,8.3,19.1,1.4,4.4,13.9,0.013,0.439,-1.6,1.3,0.664,0.013,0.013,0.838,0.333,0.857,0.0,0.578,0.333
Cameron Payne,22.8,9.2,0.6,4.1,1.8,0.7,2.4,20.3,11.7,2.5,0.506,0.401,0.363,0.907,72,1090,0.532,20.8,25.5,1.5,9.4,1.8,1.4,10.0,0.574,0.121,-0.1,-0.2,0.128,0.065,0.574,0.526,0.379,0.302,0.645,0.0,0.094
Jonathan Isaac,17.4,1.8,5.5,8.9,2.8,3.7,1.5,14.8,6.9,4.9,0.474,0.414,0.258,0.682,71,1090,0.512,16.2,5.5,12.0,21.5,2.8,7.0,8.2,0.466,0.33,-1.1,1.8,0.324,0.096,0.466,0.676,0.323,0.547,1.0,0.16,0.636
DaQuan Jeffries,14.5,2.4,1.7,4.5,1.2,1.1,1.6,13.4,7.5,1.4,0.5,0.405,0.335,0.8,47,1071,0.518,13.5,7.2,3.6,10.0,1.2,2.3,10.3,0.564,0.103,-4.0,-0.7,0.175,0.024,0.564,0.627,0.286,0.73,0.964,0.1,0.457
Seth Curry,20.6,2.8,1.1,4.1,1.3,0.3,1.5,15.9,8.4,1.8,0.599,0.478,0.456,0.846,68,1062,0.616,15.7,8.8,2.4,9.1,1.3,0.6,8.2,0.531,0.114,-0.8,-0.9,0.067,0.122,0.531,0.826,0.429,0.593,0.843,0.0,0.297
Cody Williams,10.4,2.7,1.2,3.9,1.0,0.7,2.0,11.6,6.1,1.8,0.391,0.323,0.259,0.725,50,1060,0.419,12.5,7.4,2.8,8.7,1.0,1.4,13.8,0.525,0.156,-6.1,-1.2,0.105,0.07,0.525,0.593,0.222,0.563,1.0,0.035,0.57
Isaac Okoro,15.4,3.1,2.2,3.7,1.5,0.7,1.1,12.2,6.9,2.1,0.569,0.464,0.371,0.717,55,1053,0.587,12.5,8.0,5.2,8.1,1.5,1.4,7.4,0.566,0.172,-1.1,0.6,0.341,0.004,0.566,0.659,0.0,0.765,1.0,0.052,0.596
Oso Ighodaro,12.1,3.4,3.1,7.4,1.3,1.4,1.8,8.9,0.1,2.4,0.604,0.604,0.0,0.58,61,1045,0.61,10.5,9.1,7.2,16.2,1.3,2.6,15.7,0.011,0.267,-2.9,0.3,0.353,0.278,0.011,0.833,0.481,0.858,0.0,0.31,0.0
Jamison Battle,19.4,2.4,1.7,5.6,0.8,0.5,1.2,16.0,12.0,0.8,0.581,0.429,0.405,0.889,59,1042,0.59,15.3,7.1,3.7,12.8,0.8,0.9,7.1,0.746,0.052,-0.9,-1.3,0.098,0.058,0.746,0.588,0.5,0.818,0.971,0.02,0.394
Noah Clowney,20.1,1.9,2.1,6.6,1.1,1.0,2.2,17.8,12.5,3.8,0.474,0.358,0.333,0.838,46,1042,0.516,19.0,5.9,4.5,15.8,1.1,2.0,10.2,0.702,0.215,-3.1,-1.0,0.142,0.035,0.702,0.642,0.231,0.696,0.954,0.065,0.249
Alex Caruso,17.6,6.3,1.8,5.6,4.0,1.4,1.7,14.5,7.8,2.4,0.541,0.446,0.353,0.824,54,1041,0.568,15.2,16.6,4.0,12.2,4.0,2.9,9.9,0.541,0.162,0.1,3.9,0.287,0.025,0.541,0.656,0.5,0.688,0.933,0.029,0.365
Kris Murray,13.4,3.2,3.6,5.0,1.6,0.8,2.0,13.0,5.6,2.7,0.468,0.419,0.225,0.456,69,1040,0.472,13.9,9.0,7.7,11.3,1.6,1.5,12.4,0.43,0.204,-3.1,0.1,0.358,0.0,0.43,0.65,0.0,0.589,0.963,0.129,0.475
Dejounte Murray,25.9,10.9,0.8,8.8,3.0,0.6,5.1,23.6,8.3,5.9,0.445,0.393,0.299,0.823,31,1012,0.494,27.3,34.6,1.8,20.1,3.0,1.1,16.2,0.352,0.251,-1.3,-0.3,0.176,0.206,0.352,0.598,0.461,0.261,0.635,0.012,0.155
Jalen Suggs,28.3,6.4,1.1,5.9,2.5,1.6,5.1,24.0,12.1,5.5,0.489,0.41,0.314,0.882,35,1002,0.536,27.5,21.6,2.5,14.2,2.5,3.2,16.2,0.503,0.229,-0.8,1.3,0.141,0.129,0.503,0.765,0.387,0.223,0.763,0.008,0.145
Brandon Boston Jr.,21.9,4.5,1.4,5.2,2.6,0.4,2.5,18.6,6.8,4.1,0.5,0.436,0.35,0.788,42,993,0.535,20.0,13.7,3.0,11.9,2.6,0.9,11.1,0.367,0.223,-2.3,-0.2,0.234,0.171,0.367,0.674,0.369,0.504,0.857,0.066,0.229
Trayce Jackson-Davis,20.5,5.2,6.1,9.5,1.2,1.9,2.3,15.2,0.2,5.1,0.576,0.576,0.0,0.578,62,967,0.587,17.1,16.1,13.2,21.7,1.2,3.7,11.5,0.01,0.338,0.3,0.9,0.49,0.003,0.01,0.703,0.0,0.799,0.0,0.387,0.667
Jalen Smith,25.4,3.2,4.3,13.0,0.8,2.1,1.8,19.8,10.8,4.3,0.554,0.466,0.324,0.809,64,962,0.586,21.0,9.7,9.9,28.7,0.8,4.0,7.6,0.544,0.218,1.5,-0.6,0.319,0.025,0.544,0.677,0.3,0.703,0.986,0.071,0.162
Jordan Clarkson,29.9,6.9,1.2,4.6,1.5,0.4,4.3,24.6,11.6,7.1,0.493,0.408,0.362,0.797,37,962,0.54,27.8,22.9,2.8,10.4,1.5,0.9,13.4,0.471,0.29,0.6,-2.1,0.073,0.12,0.471,0.667,0.492,0.282,0.69,0.006,0.103
Brandon Miller,30.2,5.2,1.3,5.6,1.5,1.1,4.0,26.1,15.6,4.2,0.509,0.403,0.355,0.861,27,924,0.54,27.7,18.3,2.8,12.5,1.5,2.1,12.6,0.597,0.161,0.8,-0.8,0.112,0.096,0.597,0.727,0.362,0.511,0.808,0.037,0.082
Immanuel Quickley,29.6,10.0,0.8,5.3,1.2,0.2,3.0,23.0,11.8,6.7,0.517,0.42,0.378,0.867,33,918,0.57,25.1,31.5,1.8,12.1,1.2,0.4,10.5,0.514,0.292,3.2,-1.0,0.103,0.112,0.514,0.578,0.429,0.384,0.741,0.002,0.107
Trendon Watford,24.5,6.3,2.0,6.7,1.5,0.7,4.5,19.1,4.8,6.7,0.51,0.469,0.33,0.762,44,913,0.557,23.3,21.0,4.4,16.0,1.5,1.3,17.1,0.251,0.349,-2.3,-0.8,0.3,0.077,0.251,0.667,0.185,0.363,0.966,0.02,0.273
Jaden Hardy,26.5,4.3,0.5,4.3,1.5,0.3,4.4,22.1,10.5,4.6,0.527,0.435,0.386,0.698,57,907,0.549,25.3,13.2,1.1,9.4,1.5,0.5,15.4,0.476,0.208,-2.8,-1.9,0.162,0.157,0.476,0.657,0.508,0.346,0.829,0.027,0.239
Day'Ron Sharpe,21.8,5.0,8.2,9.9,2.3,2.3,3.5,17.4,2.5,4.1,0.538,0.521,0.244,0.757,50,907,0.568,19.9,16.8,17.8,23.8,2.3,4.6,15.3,0.142,0.233,0.0,0.9,0.505,0.035,0.142,0.644,0.364,0.597,1.0,0.114,0.289
Adem Bona,18.4,1.5,5.0,8.3,1.4,3.8,3.3,10.5,0.1,5.4,0.703,0.703,0.0,0.67,58,905,0.714,14.3,4.4,11.1,19.9,1.4,7.5,20.5,0.005,0.521,-2.9,0.2,0.755,0.01,0.005,0.731,0.0,0.696,0.0,0.401,1.0
Jaden Ivey,28.3,6.4,2.1,4.5,1.5,0.6,4.8,22.1,8.2,6.2,0.536,0.46,0.409,0.733,30,898,0.569,26.0,19.7,5.0,10.3,1.5,1.2,16.1,0.373,0.281,0.8,-0.8,0.245,0.094,0.373,0.644,0.333,0.425,0.746,0.024,0.208
Chet Holmgren,26.2,3.4,2.6,11.4,1.3,3.9,3.1,18.7,6.3,7.3,0.554,0.49,0.379,0.754,32,877,0.599,22.0,9.7,6.0,25.0,1.3,8.2,12.3,0.34,0.393,0.5,1.9,0.29,0.117,0.34,0.747,0.25,0.642,1.0,0.117,0.164
Alec Burks,20.6,3.2,0.9,6.3,1.6,0.4,1.7,15.7,12.0,2.8,0.587,0.424,0.425,0.776,49,863,0.608,16.5,9.1,1.9,13.8,1.6,0.8,9.0,0.764,0.181,0.0,0.3,0.059,0.041,0.764,0.5,0.545,0.556,0.955,0.0,0.488
Chris Boucher,28.0,1.8,3.9,8.6,1.3,1.4,1.6,20.7,10.8,4.9,0.586,0.492,0.363,0.782,50,862,0.615,21.2,5.9,8.5,19.6,1.3,2.8,6.6,0.522,0.235,2.9,-0.6,0.292,0.054,0.522,0.75,0.5,0.643,0.986,0.111,0.42
Zion Williamson,41.7,9.0,4.3,7.9,2.1,1.5,5.1,28.7,0.7,13.6,0.57,0.567,0.231,0.656,30,857,0.6,34.7,36.6,9.3,18.2,2.1,3.0,12.8,0.026,0.474,5.9,1.0,0.429,0.047,0.026,0.679,0.375,0.46,0.667,0.085,0.077
KJ Simpson,16.5,6.5,2.3,4.1,2.0,0.4,3.3,17.6,7.6,2.9,0.4,0.346,0.254,0.82,36,842,0.437,19.1,19.8,4.8,9.0,2.0,0.7,14.8,0.432,0.166,-4.5,-0.9,0.179,0.103,0.432,0.648,0.226,0.324,0.667,0.01,0.146
Dereck Lively II,18.2,4.9,6.0,9.6,1.2,3.3,2.4,11.1,0.0,4.2,0.702,0.702,0.0,0.63,36,833,0.704,13.6,14.3,13.9,21.3,1.2,5.7,15.5,0.0,0.382,1.1,2.2,0.571,0.026,0.0,0.798,0.2,0.791,0.0,0.393,0.0
Garrison Mathews,19.9,3.4,0.7,4.2,1.5,0.8,1.7,14.5,12.3,4.4,0.562,0.397,0.39,0.821,47,830,0.606,15.9,9.3,1.7,10.0,1.5,1.7,9.6,0.848,0.304,-1.1,-0.5,0.047,0.031,0.848,0.5,0.5,0.824,0.976,0.004,0.317
Cam Whitmore,28.1,2.9,2.1,6.8,1.8,0.8,2.7,23.7,10.8,4.2,0.525,0.444,0.355,0.75,51,827,0.549,23.9,8.9,4.5,15.1,1.8,1.4,9.6,0.454,0.179,0.7,-0.4,0.253,0.037,0.454,0.686,0.467,0.482,0.785,0.112,0.213
Karlo Matković,19.9,2.8,3.9,8.9,1.3,2.5,2.6,14.4,4.0,2.7,0.619,0.574,0.318,0.773,42,791,0.639,15.9,8.6,8.5,20.4,1.3,5.0,14.5,0.281,0.187,-1.9,-0.2,0.396,0.047,0.281,0.785,0.455,0.728,1.0,0.204,0.515
Jaylin Williams,17.0,7.3,2.9,13.1,1.3,1.8,2.1,13.5,9.4,1.8,0.577,0.439,0.399,0.767,47,784,0.594,14.6,19.0,6.7,28.7,1.3,3.7,13.0,0.692,0.136,1.5,2.7,0.149,0.059,0.692,0.606,0.385,0.639,0.967,0.059,0.144
Cam Thomas,38.2,6.0,1.0,4.3,1.0,0.1,4.0,28.9,12.4,9.6,0.513,0.438,0.349,0.881,25,781,0.575,32.6,22.9,2.1,10.4,1.0,0.3,10.6,0.43,0.333,2.8,-2.6,0.141,0.154,0.43,0.625,0.471,0.473,0.544,0.0,0.123
Lonzo Ball,16.0,6.9,1.5,5.6,2.8,1.0,2.5,14.6,11.7,1.6,0.504,0.366,0.344,0.815,35,777,0.524,15.9,18.9,3.4,12.3,2.8,1.9,13.9,0.802,0.111,-1.5,1.7,0.07,0.037,0.802,0.529,0.333,0.545,0.881,0.021,0.221
Eric Gordon,17.1,4.2,0.5,2.4,1.7,0.8,1.8,13.1,8.8,3.1,0.564,0.426,0.409,0.75,39,768,0.591,14.4,12.0,1.1,5.8,1.7,1.5,11.1,0.672,0.235,-0.8,-0.8,0.152,0.025,0.672,0.613,0.8,0.71,0.946,0.005,0.124
Landry Shamet,18.6,1.8,0.7,3.3,1.5,0.1,1.4,15.0,10.2,1.2,0.596,0.461,0.397,0.667,50,762,0.601,14.8,4.7,1.7,7.5,1.5,0.2,8.5,0.678,0.078,-1.9,-0.6,0.135,0.087,0.678,0.71,0.65,0.818,0.919,0.013,0.397
Svi Mykhailiuk,21.1,4.8,1.4,4.3,1.2,0.4,3.3,19.1,12.8,2.2,0.507,0.391,0.345,0.8,38,760,0.526,20.3,14.7,3.1,9.6,1.2,0.9,14.1,0.672,0.116,-1.4,-2.1,0.089,0.066,0.672,0.63,0.5,0.375,0.786,0.013,0.236
Andre Drummond,19.2,2.2,7.2,13.2,2.6,1.2,3.6,15.4,1.3,5.9,0.506,0.5,0.15,0.622,40,751,0.535,19.1,6.8,15.8,31.6,2.6,2.4,16.7,0.085,0.385,-2.4,-0.8,0.573,0.038,0.085,0.582,0.333,0.64,0.667,0.171,0.4
Micah Potter,11.0,2.1,2.9,8.2,1.0,1.0,2.1,9.2,6.7,1.4,0.537,0.422,0.316,0.85,38,705,0.563,10.3,5.8,6.6,18.4,1.0,1.9,17.7,0.726,0.148,-2.9,-0.6,0.156,0.015,0.726,0.81,0.5,0.654,1.0,0.111,0.571
Quinten Post,24.1,4.0,2.5,8.0,1.1,1.3,2.3,19.4,12.7,1.9,0.582,0.449,0.408,0.778,42,686,0.595,19.6,12.2,5.3,18.3,1.1,2.5,10.3,0.653,0.099,0.1,0.0,0.128,0.015,0.653,0.543,0.75,0.82,1.0,0.033,0.268
Tosan Evbuomwan,20.0,4.1,2.4,6.6,1.8,0.7,2.9,16.5,5.8,5.5,0.482,0.427,0.312,0.753,28,665,0.53,19.1,12.9,5.2,15.8,1.8,1.5,13.4,0.35,0.332,-3.0,-0.3,0.186,0.095,0.35,0.732,0.476,0.557,1.0,0.023,0.416
Antonio Reeves,22.4,2.9,1.3,3.3,1.5,0.3,2.2,18.2,9.5,2.6,0.558,0.456,0.395,0.8,44,660,0.579,18.8,8.8,2.9,7.6,1.5,0.6,10.2,0.52,0.141,-1.2,-2.0,0.19,0.101,0.52,0.617,0.44,0.726,0.863,0.02,0.349
Kyle Lowry,10.3,7.2,0.8,4.2,2.5,0.8,1.6,8.8,6.6,2.5,0.474,0.35,0.33,0.818,35,659,0.525,10.1,19.2,1.8,10.0,2.5,1.6,13.8,0.752,0.282,-2.8,1.5,0.051,0.034,0.752,0.667,0.75,0.667,0.931,0.0,0.182
Herbert Jones,15.3,4.9,1.6,4.2,2.8,0.7,2.6,12.9,5.4,3.0,0.5,0.436,0.306,0.825,20,648,0.541,14.6,13.8,3.6,9.6,2.8,1.3,15.6,0.419,0.233,-3.9,0.2,0.273,0.035,0.419,0.681,0.667,0.698,1.0,0.029,0.486
Maxi Kleber,7.8,3.3,1.9,5.3,0.7,1.3,1.7,7.3,3.7,1.6,0.453,0.385,0.265,0.762,34,637,0.489,8.7,8.3,4.4,11.7,0.7,2.3,17.9,0.51,0.219,-4.2,0.4,0.177,0.021,0.51,0.706,0.5,0.833,0.923,0.073,0.347
Jeff Dowtin Jr.,22.6,6.2,1.0,3.8,1.9,1.0,1.2,18.3,5.6,3.6,0.548,0.487,0.4,0.733,41,621,0.57,18.6,19.6,2.1,9.1,1.9,1.9,5.7,0.304,0.196,0.7,-0.5,0.209,0.187,0.304,0.604,0.628,0.298,0.607,0.004,0.2
Daniel Theis,12.6,4.7,3.4,9.4,1.4,1.6,1.9,10.1,2.9,2.9,0.508,0.473,0.243,0.838,38,621,0.558,11.6,13.0,7.4,21.5,1.4,3.1,14.7,0.287,0.287,-3.3,0.0,0.31,0.116,0.287,0.7,0.467,0.75,1.0,0.116,0.243
Kessler Edwards,13.4,3.3,1.8,7.4,1.5,1.6,1.3,10.7,4.3,1.0,0.578,0.496,0.407,0.923,40,608,0.597,11.1,9.1,4.0,16.3,1.5,2.8,10.2,0.4,0.096,-2.0,0.6,0.311,0.067,0.4,0.667,0.333,0.822,1.0,0.104,0.5
Ajay Mitchell,18.8,5.1,1.4,4.0,2.0,0.3,2.3,14.8,4.8,2.8,0.557,0.495,0.383,0.829,36,597,0.587,16.2,13.8,3.3,8.8,2.0,0.7,12.7,0.326,0.19,-2.5,0.9,0.217,0.065,0.326,0.625,0.833,0.397,0.957,0.005,0.267
Brandon Ingram,32.6,7.6,1.4,6.8,1.3,0.9,5.6,27.1,9.4,4.5,0.53,0.465,0.374,0.855,18,595,0.56,30.2,26.8,3.0,15.5,1.3,1.8,16.2,0.345,0.165,1.4,-1.7,0.117,0.24,0.345,0.744,0.538,0.402,0.837,0.027,0.07
Jared McCain,29.3,5.0,1.1,3.6,1.2,0.0,3.1,22.8,11.1,4.7,0.553,0.46,0.383,0.875,23,592,0.589,24.7,16.7,2.4,8.6,1.2,0.0,11.0,0.485,0.204,1.8,-1.6,0.193,0.106,0.485,0.642,0.448,0.32,0.804,0.007,0.203
Cam Reddish,8.8,1.8,1.4,4.1,2.8,0.8,1.0,7.9,3.9,2.2,0.473,0.404,0.277,0.615,33,589,0.498,8.8,4.8,3.3,9.1,2.8,1.6,10.2,0.5,0.277,-4.4,1.6,0.245,0.032,0.5,0.87,0.0,0.52,1.0,0.096,0.489
Jarred Vanderbilt,12.4,3.5,5.8,9.7,3.0,0.8,2.5,10.2,2.7,3.0,0.525,0.488,0.281,0.556,36,581,0.537,12.5,9.4,13.6,21.5,3.0,1.6,17.5,0.264,0.298,-2.3,1.3,0.554,0.008,0.264,0.672,0.0,0.7,1.0,0.289,0.75
Joel Embiid,38.8,7.3,3.1,10.2,1.2,1.5,5.3,27.1,6.6,14.5,0.481,0.444,0.299,0.882,19,574,0.58,34.2,25.6,6.8,24.5,1.2,3.1,13.7,0.244,0.537,3.7,-0.3,0.194,0.203,0.244,0.623,0.422,0.538,0.957,0.016,0.0
Moritz Wagner,34.2,3.7,3.5,9.6,2.1,1.1,4.3,22.1,6.6,9.7,0.616,0.562,0.36,0.718,30,564,0.649,26.8,13.7,7.7,23.1,2.1,2.0,14.1,0.301,0.442,2.6,1.4,0.486,0.008,0.301,0.711,0.0,0.69,1.0,0.076,0.307
Malcolm Brogdon,25.7,8.3,1.8,5.9,1.1,0.4,3.2,20.2,4.7,7.8,0.467,0.433,0.286,0.88,24,564,0.544,23.7,27.4,3.9,13.0,1.1,0.8,11.9,0.233,0.383,-0.1,-1.5,0.296,0.129,0.233,0.676,0.355,0.364,0.938,0.0,0.089
Jordan Goodwin,14.6,3.8,3.4,6.7,2.7,1.0,2.4,13.0,6.2,1.0,0.528,0.438,0.382,0.818,29,543,0.541,14.1,10.5,8.1,14.9,2.7,1.9,14.9,0.472,0.076,-1.7,0.8,0.146,0.118,0.472,0.571,0.412,0.459,0.962,0.0,0.456
Richaun Holmes,20.5,3.7,5.5,10.2,0.8,2.0,1.9,12.4,0.3,5.3,0.647,0.647,0.0,0.833,31,534,0.695,14.7,12.1,12.0,22.5,0.8,3.9,11.3,0.022,0.432,1.2,0.0,0.626,0.036,0.022,0.77,0.4,0.633,0.0,0.281,0.667
Mouhamed Gueye,17.3,2.4,3.9,8.3,2.5,2.9,1.3,15.0,7.1,3.7,0.482,0.421,0.259,0.762,33,533,0.52,15.7,6.6,8.8,20.0,2.5,5.7,7.3,0.474,0.246,-1.6,1.0,0.339,0.053,0.474,0.655,0.556,0.824,1.0,0.17,0.593
Bismack Biyombo,13.2,2.8,3.9,10.5,1.5,2.1,2.5,10.4,0.0,2.3,0.588,0.588,0.0,0.4,28,528,0.576,12.3,7.9,8.7,23.4,1.5,3.9,17.8,0.0,0.219,-3.6,0.0,0.465,0.088,0.0,0.698,0.1,0.791,0.0,0.123,0.0
Keaton Wallace,15.7,7.6,0.7,4.0,2.6,0.8,3.1,15.1,7.7,1.0,0.485,0.401,0.329,1.0,31,501,0.503,16.4,21.0,1.5,9.6,2.6,1.7,16.5,0.506,0.068,-3.3,1.0,0.08,0.191,0.506,0.538,0.419,0.289,0.815,0.025,0.122
Vince Williams Jr.,16.7,5.1,2.0,7.1,1.1,0.7,3.1,15.6,8.9,2.2,0.479,0.401,0.274,0.792,27,499,0.504,17.0,13.8,4.7,15.9,1.1,1.3,15.7,0.569,0.144,-2.5,-0.3,0.144,0.066,0.569,0.625,0.545,0.61,0.923,0.012,0.284
A.J. Lawson,23.4,3.1,2.0,6.5,1.3,0.6,1.5,18.8,10.0,6.2,0.508,0.421,0.327,0.683,26,486,0.542,20.0,9.1,4.3,14.9,1.3,1.2,6.4,0.532,0.332,-1.5,-1.0,0.289,0.011,0.532,0.618,0.0,0.638,0.939,0.074,0.347
Grant Williams,17.0,3.8,1.8,6.6,1.8,1.3,2.9,12.6,7.6,3.8,0.549,0.439,0.365,0.838,16,479,0.596,14.8,11.3,3.9,14.5,1.8,2.7,16.7,0.602,0.301,-2.3,0.7,0.154,0.057,0.602,0.737,0.143,0.815,1.0,0.024,0.203
Lonnie Walker IV,25.5,5.2,0.6,5.9,1.0,0.5,2.6,21.9,13.1,3.1,0.526,0.42,0.354,0.8,20,477,0.548,22.8,16.5,1.4,14.1,1.0,1.0,10.0,0.599,0.142,0.0,-2.4,0.165,0.061,0.599,0.686,0.462,0.591,0.778,0.028,0.142
Larry Nance Jr.,20.5,3.8,2.3,8.1,2.0,1.3,1.6,15.7,7.7,1.3,0.626,0.516,0.447,0.692,24,463,0.632,15.7,11.3,5.3,19.4,2.0,2.6,9.1,0.49,0.084,1.1,0.7,0.239,0.045,0.49,0.703,0.571,0.848,0.971,0.135,0.342
GG Jackson II,21.2,2.9,2.7,6.6,1.2,0.5,3.1,20.2,9.6,4.1,0.452,0.372,0.337,0.725,29,459,0.482,21.7,8.2,6.3,14.8,1.2,1.0,12.5,0.477,0.201,-3.3,-2.0,0.236,0.025,0.477,0.553,0.2,0.476,0.938,0.085,0.284
Dante Exum,22.6,7.3,0.5,3.8,1.6,0.4,2.9,17.4,6.9,4.0,0.563,0.478,0.434,0.742,20,372,0.589,19.6,21.5,1.2,8.3,1.6,0.7,13.0,0.396,0.231,-1.2,-1.1,0.261,0.075,0.396,0.657,0.3,0.415,0.913,0.03,0.321
Damion Baugh,14.5,7.4,1.9,4.8,2.0,0.3,4.1,17.3,7.4,2.0,0.369,0.323,0.214,0.867,15,370,0.399,19.3,22.2,3.9,10.6,2.0,0.5,18.5,0.431,0.115,-5.9,-1.2,0.208,0.031,0.431,0.63,0.25,0.433,1.0,0.008,0.339
Robert Williams,16.1,2.9,4.8,11.5,1.8,4.6,2.4,10.8,0.4,2.4,0.647,0.641,0.333,0.882,20,351,0.679,12.2,8.6,10.5,26.3,1.8,8.5,16.6,0.038,0.218,-0.1,3.2,0.705,0.026,0.038,0.8,0.5,0.755,1.0,0.385,0.667
Keion Brooks Jr.,20.7,1.9,1.8,6.7,1.5,1.5,1.8,15.9,6.3,4.4,0.55,0.486,0.326,0.733,14,332,0.581,17.1,5.7,3.8,15.4,1.5,2.9,8.9,0.394,0.275,-2.2,-1.3,0.275,0.11,0.394,0.8,0.5,0.718,1.0,0.092,0.395
Tre Mann,28.2,6.0,1.8,4.0,1.1,0.6,3.9,24.8,9.2,3.2,0.509,0.435,0.4,0.905,13,319,0.537,26.0,21.2,3.9,8.9,1.1,1.2,12.8,0.373,0.13,-0.6,-1.9,0.273,0.099,0.373,0.455,0.375,0.174,0.542,0.006,0.217
Matisse Thybulle,17.4,4.4,2.2,5.9,5.1,1.4,2.0,13.7,7.5,2.3,0.597,0.477,0.438,0.467,15,312,0.592,14.4,12.7,4.7,13.6,5.1,2.6,12.1,0.545,0.17,0.0,5.1,0.148,0.011,0.545,0.769,0.0,0.571,1.0,0.091,0.458
Mitchell Robinson,14.9,2.2,8.9,8.4,2.7,3.1,1.7,9.6,0.0,3.3,0.661,0.661,0.0,0.684,17,290,0.676,11.1,5.9,20.8,19.2,2.7,5.8,13.4,0.0,0.339,1.5,1.8,0.893,0.0,0.0,0.72,0.0,0.378,0.0,0.411,0.0
Dru Smith,16.2,4.3,2.2,4.5,3.9,1.1,3.2,11.4,5.6,2.2,0.639,0.508,0.533,0.75,14,268,0.656,13.8,12.0,5.0,9.8,3.9,2.1,20.4,0.492,0.197,-1.3,3.4,0.23,0.049,0.492,0.714,0.0,0.4,0.875,0.0,0.367
Oscar Tshiebwe,20.1,1.7,8.7,14.3,2.4,0.2,1.9,13.2,0.0,5.8,0.6,0.6,0.0,0.742,14,255,0.64,15.3,5.3,19.6,31.9,2.4,0.4,10.7,0.0,0.443,0.6,-2.0,0.3,0.071,0.0,0.81,0.2,0.595,0.0,0.114,0.0
Marcus Bagley,13.1,1.9,4.5,9.2,1.8,2.3,1.4,13.4,6.2,1.9,0.428,0.391,0.156,0.8,10,253,0.456,13.8,5.5,9.9,21.9,1.8,4.7,8.7,0.464,0.145,-3.4,-0.9,0.391,0.043,0.464,0.704,0.333,0.545,0.8,0.159,0.406
Zach LaVine,31.6,5.7,0.4,5.4,1.1,0.2,3.8,22.4,9.8,5.2,0.609,0.511,0.446,0.825,74,2602,0.639,25.3,18.3,0.9,12.0,1.1,0.4,13.4,0.438,0.233,2.3,-1.6,0.242,0.07,0.438,0.723,0.442,0.495,0.544,0.06,0.17
De'Aaron Fox,31.7,8.5,1.2,5.3,2.0,0.5,3.8,25.3,8.3,6.9,0.514,0.463,0.31,0.827,62,2241,0.56,28.3,27.2,2.7,12.1,2.0,1.1,11.8,0.328,0.273,1.3,-1.0,0.156,0.153,0.328,0.698,0.472,0.318,0.669,0.019,0.16
Max Christie,17.2,3.4,0.9,5.0,1.5,0.7,2.0,13.5,7.2,3.5,0.525,0.427,0.366,0.855,78,2127,0.57,15.2,9.2,2.0,11.2,1.5,1.3,11.8,0.532,0.258,-2.1,-0.5,0.144,0.073,0.532,0.8,0.279,0.606,0.957,0.053,0.366
Dennis Schröder,22.7,9.4,0.6,4.0,1.5,0.3,3.3,19.2,8.6,5.0,0.483,0.406,0.342,0.838,75,2105,0.531,21.6,28.7,1.4,9.2,1.5,0.6,13.3,0.449,0.261,-1.3,-0.9,0.129,0.135,0.449,0.636,0.491,0.244,0.756,0.0,0.092
Davion Mitchell,14.2,8.8,0.8,3.2,1.7,0.4,3.1,11.5,5.1,2.0,0.557,0.468,0.398,0.69,74,2027,0.573,13.6,24.2,1.9,7.1,1.7,0.8,20.0,0.443,0.176,-2.8,0.2,0.271,0.05,0.443,0.651,0.375,0.281,0.821,0.0,0.19
Quentin Grimes,26.5,5.5,1.4,6.4,1.8,0.5,3.4,20.0,10.2,5.2,0.565,0.467,0.385,0.757,75,2013,0.595,22.8,17.7,3.2,14.7,1.8,1.0,13.3,0.512,0.26,1.3,-0.9,0.232,0.077,0.512,0.728,0.397,0.441,0.79,0.033,0.233
Kyle Kuzma,23.9,3.8,1.3,7.8,0.9,0.5,3.6,21.0,7.8,5.0,0.493,0.436,0.307,0.634,65,1936,0.514,24.0,12.1,3.0,17.1,0.9,0.9,13.5,0.369,0.238,-2.9,-2.0,0.222,0.085,0.369,0.75,0.361,0.573,0.854,0.029,0.246
Andrew Wiggins,28.7,4.2,2.4,4.8,1.6,1.3,2.6,22.3,9.3,6.8,0.526,0.448,0.374,0.763,60,1842,0.566,24.5,13.5,5.1,10.8,1.6,2.6,9.4,0.415,0.306,1.2,-0.3,0.168,0.061,0.415,0.596,0.49,0.504,0.869,0.052,0.164
Dorian Finney-Smith,14.9,2.4,2.2,4.5,1.6,0.6,1.5,11.8,8.5,1.2,0.597,0.448,0.411,0.667,63,1818,0.604,12.3,6.9,5.0,10.4,1.6,1.2,11.0,0.722,0.103,-1.1,0.1,0.182,0.018,0.722,0.62,0.5,0.697,0.992,0.037,0.382
Luka Dončić,38.9,10.6,1.1,10.2,2.5,0.6,4.9,28.3,13.3,10.9,0.536,0.45,0.368,0.782,50,1769,0.587,33.9,36.1,2.6,22.6,2.5,1.1,13.0,0.469,0.385,5.5,1.2,0.104,0.167,0.469,0.748,0.45,0.261,0.441,0.001,0.046
Jimmy Butler,27.2,8.4,3.5,4.8,2.2,0.5,2.1,16.8,2.9,11.0,0.531,0.504,0.308,0.842,55,1746,0.626,20.8,25.5,7.7,10.8,2.2,1.0,8.8,0.174,0.657,4.0,1.0,0.317,0.127,0.174,0.741,0.487,0.554,0.875,0.092,0.5
De'Andre Hunter,29.6,2.5,1.2,5.8,1.4,0.4,2.2,20.7,10.5,6.9,0.573,0.47,0.405,0.846,64,1740,0.623,22.8,7.5,2.7,13.4,1.4,0.7,8.6,0.509,0.333,1.2,-0.8,0.15,0.1,0.509,0.649,0.487,0.637,0.911,0.039,0.281
Anthony Davis,36.3,5.2,3.9,13.1,1.7,3.2,3.2,26.2,3.6,10.6,0.536,0.516,0.282,0.775,51,1706,0.588,30.4,18.3,9.1,29.1,1.7,6.0,9.5,0.136,0.405,3.9,1.5,0.297,0.144,0.136,0.756,0.344,0.605,0.886,0.099,0.081
Georges Niang,22.0,3.1,1.3,6.3,0.8,0.4,2.3,17.4,11.5,1.6,0.595,0.461,0.406,0.793,79,1697,0.607,17.9,8.8,3.1,14.3,0.8,0.8,11.3,0.66,0.094,-1.1,-1.2,0.139,0.035,0.66,0.64,0.364,0.833,0.988,0.0,0.377
Kevin Huerter,19.4,4.4,0.9,5.0,1.9,0.7,1.9,17.2,11.1,1.4,0.535,0.425,0.338,0.714,69,1679,0.544,17.5,12.6,2.0,11.3,1.9,1.3,9.7,0.647,0.081,-1.8,-0.2,0.134,0.04,0.647,0.765,0.458,0.76,0.932,0.015,0.23
Caris LeVert,23.1,6.4,1.2,4.8,1.7,1.0,2.3,17.8,8.5,4.6,0.556,0.467,0.373,0.71,64,1596,0.582,19.4,18.1,2.8,11.0,1.7,1.9,10.2,0.474,0.259,0.8,0.1,0.299,0.087,0.474,0.665,0.404,0.644,0.792,0.053,0.31
Jonas Valančiūnas,26.6,5.2,6.0,13.8,1.2,1.4,3.8,19.8,1.2,5.2,0.557,0.55,0.216,0.879,81,1524,0.602,22.8,17.6,13.3,30.7,1.2,2.8,14.6,0.059,0.263,0.8,-0.1,0.319,0.129,0.059,0.67,0.42,0.573,1.0,0.07,0.081
Kevin Porter Jr.,25.4,8.4,1.4,7.8,2.7,0.4,4.5,21.5,5.8,5.6,0.492,0.449,0.311,0.769,75,1482,0.531,25.4,25.9,3.2,17.3,2.7,0.9,15.8,0.271,0.259,-1.6,0.9,0.179,0.187,0.271,0.658,0.516,0.261,0.491,0.066,0.124
D'Angelo Russell,24.5,9.9,0.7,4.7,1.9,0.8,3.6,21.3,12.0,4.8,0.479,0.39,0.314,0.834,58,1480,0.522,24.0,31.2,1.5,11.0,1.9,1.5,13.3,0.564,0.227,0.0,-0.4,0.1,0.121,0.564,0.703,0.377,0.449,0.584,0.002,0.089
Terance Mann,17.6,4.1,2.3,4.4,1.6,0.5,1.6,14.0,5.5,2.3,0.569,0.496,0.368,0.691,67,1414,0.584,14.7,11.7,5.3,10.4,1.6,1.0,9.6,0.395,0.165,-1.4,0.0,0.247,0.116,0.395,0.765,0.438,0.579,0.9,0.08,0.466
Jake LaRavia,16.0,5.5,3.1,5.9,2.2,0.8,3.0,11.8,5.0,4.0,0.564,0.475,0.423,0.678,66,1349,0.591,14.4,14.6,7.2,13.3,2.2,1.6,18.2,0.421,0.341,-0.8,1.1,0.249,0.047,0.421,0.607,0.25,0.59,0.95,0.074,0.261
Bogdan Bogdanović,20.8,5.2,0.9,4.8,1.5,0.4,2.6,17.6,10.3,2.4,0.534,0.427,0.363,0.879,54,1348,0.559,18.7,15.2,2.0,11.2,1.5,0.8,12.4,0.587,0.134,-1.8,-0.2,0.11,0.12,0.587,0.574,0.525,0.524,0.848,0.002,0.208
Javonte Green,13.3,2.2,2.3,6.1,2.5,1.2,1.2,11.0,5.4,2.9,0.509,0.429,0.326,0.724,68,1258,0.541,11.8,5.9,5.0,13.9,2.5,2.4,9.1,0.491,0.265,-2.8,0.5,0.317,0.024,0.491,0.692,0.143,0.636,1.0,0.077,0.475
Nick Richards,20.8,1.9,5.8,12.5,0.6,2.2,3.2,13.6,0.1,6.3,0.591,0.591,0.0,0.744,57,1256,0.634,17.3,5.9,13.1,27.5,0.5,4.2,16.3,0.006,0.461,-2.0,-1.3,0.496,0.092,0.006,0.75,0.469,0.683,0.0,0.288,1.0
Caleb Martin,14.3,3.8,2.1,5.0,1.9,0.9,2.3,12.3,4.2,3.9,0.485,0.424,0.359,0.622,45,1218,0.513,14.4,10.7,4.8,11.7,1.9,1.8,13.9,0.339,0.322,-2.9,-0.2,0.243,0.082,0.339,0.608,0.56,0.435,0.973,0.03,0.417
Cody Martin,15.0,4.4,2.2,7.2,2.4,1.3,2.1,13.6,6.3,2.6,0.485,0.418,0.285,0.705,53,1173,0.509,14.7,13.0,4.8,15.9,2.4,2.7,12.7,0.465,0.188,-2.8,1.1,0.228,0.108,0.465,0.743,0.343,0.591,0.953,0.052,0.517
Ben Simmons,11.3,12.6,2.1,8.6,1.7,1.0,4.5,9.9,0.0,1.5,0.52,0.52,0.0,0.727,51,1120,0.539,13.2,37.0,4.6,20.3,1.7,2.0,30.0,0.0,0.148,-2.3,1.8,0.422,0.067,0.0,0.606,0.333,0.517,0.0,0.103,0.0
Jusuf Nurkić,21.0,5.3,3.9,14.5,1.9,1.6,4.5,16.3,4.9,5.9,0.523,0.477,0.305,0.664,51,1063,0.555,20.6,16.8,8.8,32.0,1.9,3.1,19.2,0.298,0.364,-2.2,0.9,0.293,0.028,0.298,0.689,0.3,0.676,0.969,0.065,0.105
Jared Butler,25.2,10.3,1.2,4.0,2.0,0.6,3.7,21.1,7.9,4.2,0.514,0.448,0.355,0.824,60,1044,0.549,23.6,33.8,2.5,9.3,2.0,1.2,14.0,0.373,0.201,0.5,-1.5,0.196,0.119,0.373,0.663,0.407,0.259,0.783,0.0,0.213
Kyle Anderson,17.5,7.1,2.6,7.5,2.0,1.6,1.8,14.9,3.4,3.2,0.51,0.469,0.357,0.738,61,1002,0.538,15.9,20.7,5.7,16.8,2.0,3.1,10.0,0.231,0.215,-0.6,2.2,0.185,0.102,0.231,0.714,0.355,0.496,0.96,0.036,0.443
Zach Collins,19.7,5.4,4.9,9.0,1.4,1.4,2.9,14.6,5.1,3.8,0.56,0.507,0.302,0.885,64,977,0.605,17.1,15.6,11.1,19.9,1.4,2.6,15.1,0.351,0.258,-0.8,0.8,0.358,0.046,0.351,0.722,0.357,0.818,1.0,0.073,0.236
Bruce Brown,17.8,4.4,2.1,6.5,1.8,0.5,2.0,16.2,4.2,3.4,0.464,0.421,0.333,0.815,41,922,0.504,17.2,12.8,4.5,14.9,1.8,1.0,10.4,0.262,0.21,-3.2,-0.6,0.265,0.172,0.262,0.646,0.358,0.65,0.963,0.023,0.506
KJ Martin,14.6,2.6,1.6,5.1,0.9,1.2,1.3,10.7,3.1,2.5,0.59,0.552,0.259,0.787,43,912,0.618,11.5,7.4,3.6,11.8,0.9,2.3,9.8,0.289,0.234,-3.2,-0.3,0.388,0.0,0.289,0.705,0.0,0.844,1.0,0.254,0.724
Tre Jones,17.3,10.1,1.6,4.5,1.9,0.5,1.8,12.5,2.5,3.5,0.578,0.538,0.396,0.821,46,905,0.617,14.1,28.6,3.7,9.9,1.9,1.0,11.6,0.202,0.282,0.5,1.0,0.345,0.076,0.202,0.671,0.222,0.514,1.0,0.004,0.5
Kelly Olynyk,20.8,6.9,3.4,7.8,1.8,1.0,4.1,14.5,4.3,5.9,0.562,0.5,0.418,0.769,44,891,0.609,18.5,20.5,7.3,17.9,1.8,2.0,19.4,0.295,0.403,-1.1,0.4,0.336,0.078,0.295,0.667,0.381,0.564,0.818,0.015,0.127
Khris Middleton,25.1,8.6,0.7,7.1,2.0,0.5,3.2,19.2,7.6,4.8,0.546,0.475,0.361,0.857,37,843,0.588,22.0,26.8,1.7,15.4,2.0,0.9,13.0,0.395,0.249,0.4,0.3,0.074,0.196,0.395,0.6,0.47,0.402,0.75,0.003,0.165
Vasilije Micić,16.9,8.0,1.3,4.3,0.9,0.0,4.8,17.1,7.8,2.6,0.43,0.348,0.36,0.829,41,785,0.462,19.9,24.3,2.7,9.6,0.9,0.0,20.9,0.458,0.15,-4.6,-2.4,0.154,0.095,0.458,0.571,0.192,0.34,0.533,0.0,0.032
Orlando Robinson,19.0,4.8,5.6,8.2,1.1,1.0,3.1,16.3,3.3,4.4,0.477,0.444,0.327,0.771,44,770,0.519,18.5,14.0,12.1,18.7,1.1,2.0,14.4,0.199,0.268,-3.0,-0.4,0.345,0.111,0.199,0.622,0.379,0.657,1.0,0.077,0.135
Marcus Smart,21.0,7.5,1.2,3.7,2.7,0.6,3.7,17.7,9.7,4.9,0.488,0.393,0.348,0.761,34,680,0.529,20.6,21.7,2.8,8.3,2.7,1.2,15.8,0.549,0.276,-1.6,0.1,0.074,0.066,0.549,0.579,0.412,0.385,0.837,0.004,0.27
AJ Johnson,16.4,5.7,0.6,3.8,0.9,0.2,2.6,15.9,6.7,2.8,0.441,0.385,0.267,0.865,29,639,0.48,17.4,17.1,1.3,8.3,0.9,0.4,13.2,0.423,0.174,-5.6,-2.5,0.291,0.028,0.423,0.565,0.0,0.534,0.667,0.099,0.122
Delon Wright,9.6,5.9,2.1,3.0,2.7,0.9,1.7,10.1,5.6,1.9,0.42,0.344,0.274,0.6,40,635,0.44,11.3,15.0,4.9,6.5,2.7,1.8,13.4,0.557,0.191,-2.8,1.4,0.244,0.038,0.557,0.563,0.2,0.44,1.0,0.0,0.26
Josh Okogie,22.3,2.6,3.6,5.4,3.8,1.4,2.4,16.7,7.3,6.7,0.519,0.443,0.348,0.741,40,625,0.567,19.5,7.9,8.0,11.8,3.8,2.8,11.1,0.434,0.401,-0.1,1.6,0.283,0.028,0.434,0.733,0.333,0.629,1.0,0.08,0.522
Elfrid Payton,8.1,15.8,1.4,6.1,2.3,1.0,5.6,11.6,0.6,0.7,0.332,0.328,0.167,0.571,24,511,0.34,15.2,43.3,3.1,13.9,2.3,2.1,32.1,0.049,0.057,-5.1,-1.3,0.148,0.262,0.049,0.333,0.25,0.179,1.0,0.0,0.167
Colin Castleton,13.7,3.1,5.9,7.7,0.9,1.1,2.6,10.9,1.8,4.2,0.48,0.469,0.125,0.763,26,432,0.536,13.4,8.9,13.0,17.9,0.9,2.2,16.7,0.163,0.388,-4.0,-1.0,0.337,0.112,0.163,0.697,0.455,0.682,1.0,0.102,0.563
Jalen Hood-Schifino,16.6,5.8,0.5,3.8,0.8,1.1,2.8,15.3,7.2,3.3,0.449,0.378,0.304,0.857,15,315,0.494,17.3,16.7,1.1,9.0,0.8,2.2,14.4,0.469,0.214,-4.4,-2.5,0.071,0.194,0.469,0.571,0.526,0.304,0.571,0.0,0.109
Jared Rhoden,25.1,3.4,3.0,5.9,2.1,0.4,1.9,18.5,8.3,5.3,0.552,0.483,0.308,0.88,14,227,0.602,19.7,10.5,6.5,13.5,2.1,0.8,8.4,0.448,0.287,-0.5,0.0,0.425,0.023,0.448,0.73,0.0,0.7,0.75,0.103,0.462
Cole Swider,16.8,0.9,1.4,6.3,1.1,0.6,1.1,17.9,13.4,0.3,0.468,0.349,0.319,0.0,10,169,0.465,16.7,2.3,3.1,14.3,1.1,1.1,5.9,0.746,0.016,-4.9,-2.4,0.063,0.048,0.746,0.25,0.667,0.714,1.0,0.0,0.404
